vender_id,shop_id,fans_num,vip_num,shop_reg_tm,cate,shop_score
3666,5330,0,0,NULL,NULL,0.0
7288,1047,762,1017,2014-11-03 10:45:58.0,NULL,-1.0
4674,2265,2294,21925,2014-10-17 18:25:58.0,NULL,-1.0
5217,3200,9527,53231,2014-10-25 09:17:59.0,NULL,-1.0
8057,443,211,336,2014-10-29 10:19:58.0,NULL,-1.0
7101,7237,5279,14614,2014-10-21 10:49:58.0,NULL,-1.0
3807,9520,337,444,2014-10-17 10:25:58.0,NULL,-1.0
8699,3516,208,101,2014-10-21 18:11:57.0,NULL,-1.0
3690,3145,695,5319,2014-10-28 09:33:59.0,NULL,-1.0
1174,9514,711,1027,2014-10-17 16:05:57.0,NULL,-1.0
40,1138,329,9150,2014-10-13 15:31:30.0,NULL,-1.0
4494,859,203,13,2014-11-20 13:35:58.0,NULL,-1.0
5381,9369,6782,84274,2014-10-10 15:55:57.0,NULL,-1.0
5256,2586,2675,5935,2014-10-08 11:35:58.0,NULL,-1.0
7392,4451,199,300,2014-11-21 10:51:58.0,NULL,-1.0
3821,4435,193,0,2014-10-17 09:25:58.0,NULL,-1.0
4536,4602,1570,7056,2014-10-15 16:55:57.0,NULL,-1.0
8668,9133,981,7073,2014-09-19 17:25:58.0,NULL,-1.0
971,828,406,20071,2014-09-10 15:00:04.0,NULL,-1.0
8638,4755,411,3290,2014-09-18 17:05:59.0,NULL,-1.0
6382,6693,552,1501,2014-09-02 14:57:59.0,NULL,-1.0
5794,7845,1116,9290,2014-08-29 14:09:58.0,NULL,-1.0
568,890,282,609,2014-08-22 15:59:58.0,NULL,-1.0
8342,8761,287,5571,2015-04-13 15:35:04.0,NULL,-1.0
357,7510,321,984,2014-08-28 10:47:59.0,NULL,-1.0
8195,720,1585,4777,2014-08-21 11:43:58.0,NULL,-1.0
3519,4568,337,2494,2014-08-14 14:48:46.0,NULL,-1.0
1333,8893,254,498,2015-08-07 17:29:29.0,NULL,-1.0
8825,3060,2596,7467,2014-08-21 14:23:58.0,NULL,-1.0
2151,4912,209,18,2014-08-19 10:33:58.0,NULL,-1.0
4049,2250,222,78,2014-08-14 16:32:34.0,NULL,-1.0
2452,6294,207,27,2014-08-20 17:04:31.0,NULL,-1.0
451,4244,1375,3313,2014-08-27 16:43:58.0,NULL,-1.0
4074,8874,1465,13531,2014-08-06 12:41:58.0,NULL,-1.0
6007,7144,237,1276,2014-07-30 10:08:03.0,NULL,-1.0
7206,3372,757,12082,2014-07-29 13:55:58.0,NULL,-1.0
7028,2330,571,4653,2014-07-28 15:33:58.0,NULL,-1.0
2068,9795,480,1967,2014-08-12 19:09:59.0,NULL,-1.0
3047,9475,215,38,2017-06-21 15:47:52.0,NULL,-1.0
4563,3457,1276,1985,2014-09-09 12:47:59.0,NULL,-1.0
5320,9299,2978,13781,2014-07-26 10:39:59.0,NULL,-1.0
2041,2911,303,1094,2014-08-06 23:49:57.0,NULL,-1.0
8317,6457,329,5116,2014-07-21 11:35:59.0,NULL,-1.0
4078,5062,576,1411,2015-01-15 17:48:22.0,NULL,-1.0
1130,3187,4508,21474,2014-07-15 09:03:58.0,NULL,-1.0
9130,8890,238,151,2014-07-15 16:09:58.0,NULL,-1.0
3465,4362,746,11162,2014-07-28 11:53:58.0,NULL,-1.0
5216,9924,257,488,2014-07-16 16:38:11.0,NULL,-1.0
3299,3562,962,7153,2014-07-19 10:53:58.0,NULL,-1.0
5783,9240,985,5155,2014-07-15 14:11:58.0,NULL,-1.0
531,5573,399,9938,2014-07-05 09:35:14.0,NULL,-1.0
3375,10238,8792,29348,2014-07-03 16:49:57.0,NULL,-1.0
2763,2769,139,562,2018-04-12 17:36:00.0,NULL,9.5285
5313,2025,24756,1690,2018-04-13 02:51:00.0,NULL,-1.0
8447,10108,299,6228,2018-04-12 10:39:00.0,NULL,-1.0
3710,9064,992,6033,2014-08-05 19:05:58.0,NULL,-1.0
6228,824,20653,1546,2018-04-13 16:24:00.0,NULL,-1.0
1868,7468,4230,4631,2018-04-11 11:42:00.0,NULL,9.513926
6685,3092,1808,16573,2018-04-12 09:39:00.0,NULL,9.781299
2556,6706,583,4340,2018-04-13 14:36:00.0,NULL,-1.0
9445,4257,5314,2349,2018-04-11 11:42:00.0,NULL,9.818579
7588,3897,179,509,2018-04-12 10:24:00.0,NULL,-1.0
402,6505,1693,12089,2018-04-11 12:09:00.0,NULL,9.578311
8248,4325,540,2380,2018-04-09 10:18:00.0,NULL,-1.0
4337,10248,21049,2669,2018-04-06 12:00:01.0,NULL,9.520271
3790,4370,3081,4543,2018-04-04 21:54:03.0,NULL,9.97821
924,2895,331,2924,2018-04-07 22:09:00.0,NULL,9.983076
6212,2500,9,301,2018-04-06 14:45:01.0,NULL,-1.0
9634,5611,67,366,2018-04-04 15:24:00.0,NULL,-1.0
2881,4171,23265,11207,2018-04-04 11:48:01.0,NULL,9.828769
7943,4610,523,2170,2014-07-08 11:35:58.0,NULL,-1.0
1394,5409,196,4288,2018-04-13 18:00:00.0,NULL,9.609017
6302,1773,81,487,2018-04-03 18:24:01.0,NULL,9.623666
5064,41,19521,73641,2018-04-03 12:15:00.0,NULL,9.937288
6741,8108,177,760,2018-04-03 13:45:01.0,NULL,9.783528
3502,1875,12891,3397,2018-04-04 12:45:00.0,NULL,9.721479
1076,7269,185,1152,2018-04-02 18:15:00.0,NULL,-1.0
1637,7459,23194,3771,2018-04-10 16:03:00.0,NULL,-1.0
9345,406,23809,4557,2018-04-11 20:24:00.0,NULL,10.0
2381,5006,3469,45699,2018-04-02 15:45:00.0,NULL,9.962323
2489,8834,25814,7366,2018-04-02 11:30:00.0,NULL,9.647588
6012,6761,806,7655,2014-07-04 15:33:58.0,NULL,-1.0
1010,5521,665,1486,2018-03-30 17:39:02.0,NULL,-1.0
1293,8018,946,7559,2018-04-03 17:18:01.0,NULL,9.961213
4323,8429,22147,5322,2018-04-06 15:18:00.0,NULL,9.756728
6716,6857,304,15905,2018-04-02 15:45:00.0,NULL,9.53976
4580,7321,73,3408,2018-04-01 21:24:00.0,NULL,9.559491
2236,6571,1108,2572,2018-03-31 17:06:01.0,NULL,9.543673
4917,5253,421,2156,2018-03-28 16:24:02.0,NULL,9.582667
8752,4813,279,350,2018-04-02 15:00:00.0,NULL,9.902624
6311,7047,24535,3264,2018-04-02 18:36:00.0,NULL,9.818779
944,59,10744,1519,2018-03-30 19:24:01.0,NULL,0.0
8795,5127,22979,864,2018-04-02 10:39:00.0,NULL,9.793431
7741,3307,4490,3741,2018-03-27 22:54:01.0,NULL,-1.0
8285,9331,790,14182,2018-04-03 15:15:01.0,NULL,9.62259
5662,9661,1725,3364,2018-03-29 14:15:01.0,NULL,-1.0
1917,147,23157,6024,2018-03-27 21:03:01.0,NULL,10.0
5648,4927,426,878,2018-04-09 09:15:00.0,NULL,-1.0
2888,8794,22,553,2018-04-08 19:45:00.0,NULL,9.729833
7103,3946,591,2220,2018-03-29 17:30:01.0,NULL,9.929413
9614,7755,11858,1711,2018-03-26 16:45:02.0,NULL,9.742332
7271,1086,248,1067,2018-03-28 05:54:01.0,NULL,9.938892
8831,3623,10,1,2018-03-27 15:45:01.0,NULL,0.0
1862,6538,37,828,2018-03-30 15:15:01.0,NULL,9.630636
3158,4212,50541,79348,2018-03-28 09:54:02.0,NULL,9.643957
4378,5658,5115,39247,2018-03-24 15:36:01.0,NULL,9.710846
1528,9691,32043,2614,2018-03-27 11:36:01.0,NULL,9.831441
650,7138,1222,4382,2018-03-30 12:45:00.0,NULL,-1.0
7122,7394,872,898,2018-03-29 10:15:02.0,NULL,-1.0
6202,2729,217,1070,2018-03-26 17:06:02.0,NULL,-1.0
4665,9046,44,677,2018-03-29 17:30:01.0,NULL,-1.0
1809,3504,29,389,2018-03-23 16:36:01.0,NULL,-1.0
4754,3522,65152,6456,2018-03-23 13:24:01.0,NULL,-1.0
8277,5577,86,14,2018-04-09 10:24:00.0,NULL,-1.0
7394,4895,110,121,2018-04-04 21:48:01.0,NULL,-1.0
8734,5988,744,4632,2018-04-02 16:15:01.0,NULL,9.958559
3632,9292,3030,2972,2018-03-26 16:45:03.0,NULL,-1.0
6277,10215,2247,4161,2018-03-31 08:18:01.0,NULL,9.495481
7257,2584,342,5201,2018-03-26 15:03:02.0,NULL,9.742859
2579,6513,19485,26146,2018-03-24 13:36:01.0,NULL,9.725413
3094,6699,10685,1700,2018-03-29 15:36:02.0,NULL,10.0
5742,2071,820,1950,2018-03-22 08:06:00.0,NULL,9.940904
2417,6375,277,3224,2018-03-21 14:24:03.0,NULL,-1.0
3662,6352,22903,86,2018-03-19 11:24:02.0,NULL,-1.0
4572,7930,1095,30302,2014-07-03 17:59:58.0,NULL,-1.0
8645,10369,829,1122,2014-06-27 17:07:57.0,NULL,-1.0
269,6160,23726,870,2018-04-02 12:15:00.0,NULL,9.976431
407,642,1051,2542,2018-03-26 21:36:01.0,NULL,9.71309
7212,6613,783,4495,2014-07-01 17:09:57.0,NULL,-1.0
7864,888,19095,268,2018-03-22 10:06:00.0,NULL,-1.0
8055,1996,560,1214,2018-03-23 17:45:02.0,NULL,-1.0
1694,7607,1146,3858,2018-03-26 15:03:01.0,NULL,9.787392
5086,2773,6182,9575,2018-03-20 14:24:01.0,NULL,-1.0
3133,2477,70,31,2018-03-16 10:24:02.0,NULL,-1.0
8749,8889,160,7505,2018-04-12 16:45:00.0,NULL,9.722914
1778,3548,36095,4573,2018-03-19 11:54:02.0,NULL,-1.0
4283,3978,1131,10091,2018-03-26 18:00:02.0,NULL,9.73887
7737,8811,20798,227,2018-03-19 17:54:01.0,NULL,0.0
8591,7301,52,0,2018-03-17 15:15:00.0,NULL,-1.0
6885,4346,113930,2596,2018-04-08 15:00:00.0,NULL,9.81897
7922,2702,2518,5768,2018-03-19 14:54:01.0,NULL,-1.0
7473,6606,22766,4484,2018-03-26 16:45:05.0,NULL,10.0
7180,5311,59,17,2018-03-20 15:54:03.0,NULL,-1.0
7545,9693,1793,3292,2018-03-19 10:45:02.0,NULL,-1.0
4540,10090,437,835,2018-03-29 15:36:02.0,NULL,-1.0
2958,8653,0,0,2018-03-23 18:42:00.0,NULL,-1.0
8636,7499,410,1187,2018-03-27 08:45:00.0,NULL,9.827818
4077,1145,24,14,2018-03-21 14:24:01.0,NULL,-1.0
4385,7116,210,283,2018-03-14 10:24:02.0,NULL,0.0
5701,8607,20752,324,2018-04-04 11:00:00.0,NULL,9.767172
1665,2788,17466,3612,2018-03-29 17:15:02.0,NULL,-1.0
3622,3022,54,1420,2018-03-18 00:54:00.0,NULL,-1.0
2839,3782,557,2435,2018-03-10 11:24:01.0,NULL,9.763747
7082,7250,22262,1827,2018-03-29 14:24:02.0,NULL,-1.0
9393,1171,961,1589,2018-03-14 16:54:01.0,NULL,-1.0
3425,7774,3033,4605,2018-03-28 15:06:01.0,NULL,9.771972
7099,9989,3376,4707,2018-03-13 16:24:01.0,NULL,9.607223
6549,4906,148,2535,2018-03-12 19:06:01.0,NULL,9.470787
2064,7725,56,77,2018-03-09 17:24:02.0,NULL,0.0
7426,519,100,4135,2018-03-21 10:24:03.0,NULL,9.758765
8132,8518,3,193,2018-03-13 10:54:01.0,NULL,-1.0
5709,5665,106,20,2018-03-22 14:24:01.0,NULL,-1.0
8356,5661,3682,23944,2018-03-20 14:24:01.0,NULL,9.965709
6594,988,5521,1869,2018-03-08 11:54:01.0,NULL,9.688882
2355,1153,249,882,2018-04-10 15:24:00.0,NULL,-1.0
7978,8824,1919,347,2018-03-16 10:36:02.0,NULL,9.701713
8766,8784,20,59,2018-03-06 15:06:01.0,NULL,0.0
1641,6236,11,4,2018-03-07 15:48:03.0,NULL,-1.0
1491,5755,347,729,2018-03-05 11:36:00.0,NULL,9.643761
5535,8615,4100,2504,2018-03-02 15:06:02.0,NULL,9.901035
6674,635,19,15,2018-03-02 16:06:01.0,NULL,-1.0
175,10158,35493,13122,2018-03-02 16:24:01.0,NULL,9.825688
5784,10325,10,1,2018-04-02 07:24:00.0,NULL,-1.0
164,3040,6384,5247,2018-04-01 18:30:00.0,NULL,9.508516
2203,3922,87,403,2018-03-30 17:18:01.0,NULL,-1.0
6213,1503,23464,1415,2018-02-27 14:45:01.0,NULL,-1.0
2847,8614,54,196,2018-02-27 16:36:01.0,NULL,-1.0
7927,6829,31109,4953,2018-03-02 12:15:00.0,NULL,0.0
3243,10066,355,766,2018-03-01 16:54:01.0,NULL,9.629586
2813,5917,3,11,2018-02-26 10:24:01.0,NULL,-1.0
5437,6398,207,340,2014-07-02 17:13:58.0,NULL,-1.0
7774,5507,4,74,2018-03-08 12:36:01.0,NULL,-1.0
7892,915,744,2418,2018-03-16 20:15:01.0,NULL,9.845773
3739,8820,14,11,2018-04-09 15:18:00.0,NULL,-1.0
3202,6053,257,1812,2018-03-07 15:54:01.0,NULL,9.862955
4757,4160,0,0,2018-03-22 14:54:01.0,NULL,0.0
9213,9314,428,390,2018-02-28 10:48:02.0,NULL,-1.0
2008,5317,28263,14127,2018-04-01 09:48:00.0,NULL,9.96654
9227,1621,89,20,2018-03-21 00:24:01.0,NULL,-1.0
4678,7975,0,0,2018-02-24 13:36:01.0,NULL,0.0
1038,10162,2,8,2018-03-24 16:45:01.0,NULL,0.0
5543,4391,4215,70,2018-02-09 15:36:00.0,NULL,0.0
1224,6153,20774,2122,2018-02-09 09:24:00.0,NULL,9.262213
4974,5713,602,7429,2014-06-30 17:23:57.0,NULL,-1.0
7644,8107,584,805,2014-06-23 11:10:13.0,NULL,-1.0
8462,7421,20676,100,2018-02-05 13:51:00.0,NULL,9.460123
5940,9650,24331,5747,2018-01-31 16:18:00.0,NULL,9.938805
9112,3293,30630,28312,2018-02-07 16:30:00.0,NULL,9.857316
51,9773,3089,5751,2018-01-31 18:36:00.0,NULL,9.729695
6704,8109,31,202,2018-01-25 17:06:01.0,NULL,0.0
2805,412,1559,7727,2018-03-29 16:45:02.0,NULL,9.880256
4500,4447,1227,486,2018-03-05 15:36:01.0,NULL,-1.0
5388,5572,59,177,2018-03-09 17:15:01.0,NULL,9.913987
886,680,3544,6422,2018-02-03 12:06:00.0,NULL,0.0
2024,8683,22398,14489,2018-03-21 11:15:01.0,NULL,9.686438
7621,8232,10,12,2018-01-31 14:48:01.0,NULL,-1.0
6,4473,42,223,2018-01-19 19:48:01.0,NULL,-1.0
7073,5741,36,224,2018-01-19 17:48:01.0,NULL,-1.0
6332,7972,93,298,2018-01-24 09:48:01.0,NULL,9.826595
6131,1974,52294,2657,2018-01-19 18:18:01.0,NULL,-1.0
4565,4647,805,1138,2018-01-22 22:18:00.0,NULL,9.768875
8309,6648,39,213,2018-01-19 17:06:01.0,NULL,-1.0
9495,1601,5949,2733,2018-01-17 16:21:00.0,NULL,-1.0
4338,3670,22606,3422,2018-03-21 15:15:02.0,NULL,9.817166
3984,7343,59,14,2018-01-17 19:06:00.0,NULL,-1.0
7844,2387,90726,20746,2018-03-29 17:03:02.0,NULL,8.85579
5552,944,867,2267,2018-01-15 13:48:00.0,NULL,-1.0
103,8709,137,1189,2018-01-13 12:06:00.0,NULL,-1.0
8365,5246,81,413,2018-03-31 13:54:01.0,NULL,-1.0
8336,7094,1359,1614,2018-01-12 12:06:00.0,NULL,-1.0
2411,10237,24843,1347,2018-03-22 15:36:01.0,NULL,9.662544
875,7235,10583,32,2018-01-19 18:18:01.0,NULL,-1.0
1763,1512,1033,8314,2018-01-13 00:06:00.0,NULL,9.935357
59,7952,0,1,2018-01-11 13:18:00.0,NULL,0.0
9149,7618,4,0,2018-01-17 15:18:00.0,NULL,-1.0
9192,6792,73,22,2018-01-19 09:48:02.0,NULL,0.0
5790,5487,825,1595,2018-03-02 11:36:01.0,NULL,9.704289
8223,3007,7057,4411,2018-03-16 16:36:01.0,NULL,-1.0
2684,8915,2304,4449,2018-01-09 19:06:00.0,NULL,9.919699
6542,5668,748,158,2018-03-22 15:54:00.0,NULL,-1.0
5431,8630,924,12623,2014-06-24 08:57:58.0,NULL,-1.0
6465,2517,20537,496,2018-01-08 15:48:01.0,NULL,-1.0
3825,8699,7,58,2018-01-04 17:48:00.0,NULL,-1.0
7832,4587,435,7706,2014-06-30 17:44:45.0,NULL,-1.0
1622,6076,48,3,2018-01-11 14:18:01.0,NULL,-1.0
3398,2754,75,239,2018-01-10 14:48:00.0,NULL,-1.0
2583,1759,11,8,2018-01-08 17:06:00.0,NULL,0.0
9389,712,26,30,2018-01-07 22:48:00.0,NULL,-1.0
6504,3570,32,118,2018-01-05 16:48:00.0,NULL,-1.0
2709,1072,41,155,2018-01-05 10:36:00.0,NULL,-1.0
7979,6924,3,4,2018-01-05 13:18:00.0,NULL,-1.0
1883,8613,40,115,2018-01-10 11:06:00.0,NULL,-1.0
4122,316,188363,11498,2018-01-29 11:06:08.0,NULL,9.694502
1814,7187,6,2,2017-12-28 18:06:00.0,NULL,-1.0
6527,8009,6,15,2017-12-29 14:48:00.0,NULL,-1.0
6621,3533,0,0,2017-12-25 15:48:00.0,NULL,0.0
8696,5780,1,198,2018-01-08 16:51:00.0,NULL,-1.0
5798,1192,3,4,2018-01-08 13:06:00.0,NULL,-1.0
2268,4872,22,9,2017-12-22 16:36:00.0,NULL,-1.0
1223,4988,190,168,2017-12-22 09:12:00.0,NULL,-1.0
1239,7013,1,0,2018-01-10 10:18:00.0,NULL,0.0
9114,7993,3,2,2017-12-26 11:00:00.0,NULL,-1.0
3505,4202,233,233,2017-12-25 23:45:00.0,NULL,-1.0
3648,8948,23050,1894,2018-03-23 14:45:01.0,NULL,9.687324
8468,10085,8,7,2018-03-08 10:00:01.0,NULL,0.0
2481,1764,1843,12457,2014-06-19 15:17:58.0,NULL,-1.0
9319,8087,40,27,2017-12-21 16:00:00.0,NULL,-1.0
534,6263,14,6,2018-01-10 16:15:00.0,NULL,-1.0
3575,7230,440,3108,2017-12-11 20:51:00.0,NULL,-1.0
4361,444,1158,3162,2014-07-07 11:35:58.0,NULL,-1.0
2694,6125,16,4,2017-12-18 17:09:00.0,NULL,-1.0
2778,4061,2096,1018,2017-12-19 16:00:00.0,NULL,-1.0
7706,9945,2,16,2017-12-14 15:48:00.0,NULL,-1.0
4680,9960,266,12,2017-12-15 15:03:00.0,NULL,-1.0
221,4826,268,2217,2017-12-19 09:27:00.0,NULL,-1.0
8633,8908,12,27,2017-12-22 11:57:00.0,NULL,-1.0
6122,5566,0,201,2017-12-21 12:12:00.0,NULL,-1.0
7786,2308,10,14,2017-12-13 13:00:00.0,NULL,0.0
9044,6089,429,158,2017-12-06 17:06:00.0,NULL,-1.0
3700,3332,44,43,2017-12-28 12:30:00.0,NULL,-1.0
4787,8432,4664,9617,2014-06-17 09:53:58.0,NULL,-1.0
6133,8132,11,6,2017-12-22 15:09:00.0,NULL,-1.0
8612,5616,1,1,2017-12-25 13:09:00.0,NULL,0.0
4855,7467,10,316,2017-12-03 19:51:00.0,NULL,-1.0
5166,8210,0,0,2017-12-23 16:21:00.0,NULL,0.0
7197,8788,85,468,2017-12-04 15:09:00.0,NULL,-1.0
574,5593,1,0,2017-12-01 20:39:00.0,NULL,0.0
2080,10063,19,250,2018-03-12 14:36:00.0,NULL,-1.0
6680,6987,1769,159,2017-12-18 20:03:00.0,NULL,-1.0
5454,5554,8,45,2017-12-18 15:09:00.0,NULL,-1.0
1403,7361,5,0,2017-12-06 11:00:00.0,NULL,0.0
9348,6041,85,23,2017-12-04 17:18:00.0,NULL,-1.0
4799,4271,52646,494,2017-12-08 14:48:00.0,NULL,-1.0
548,7366,20,329,2017-11-27 10:57:00.0,NULL,-1.0
4455,4658,20,56,2017-11-28 16:48:00.0,NULL,-1.0
183,7980,1775,9078,2014-06-18 17:19:58.0,NULL,-1.0
6868,9876,1763,3281,2017-11-23 12:21:00.0,NULL,-1.0
7625,8659,464,1079,2017-11-24 19:57:00.0,NULL,-1.0
7125,3506,3,10,2017-11-24 15:27:00.0,NULL,-1.0
9295,2701,5,13,2017-12-01 19:33:00.0,NULL,-1.0
7975,5609,244,949,2014-06-12 11:43:58.0,NULL,-1.0
1707,1550,30230,393,2017-11-27 16:33:00.0,NULL,-1.0
5288,7656,20,8,2017-11-27 12:21:00.0,NULL,-1.0
31,2654,1,0,2017-11-23 11:03:00.0,NULL,-1.0
1948,2254,423,434,2017-11-30 13:54:00.0,NULL,-1.0
378,5698,952,47,2017-11-22 13:54:00.0,NULL,-1.0
8898,8457,7,2,2018-01-06 11:54:00.0,NULL,-1.0
6238,3216,48,114,2017-11-20 13:51:00.0,NULL,-1.0
5919,1126,191,319,2017-11-22 15:09:00.0,NULL,-1.0
4813,5096,5,0,2018-01-22 17:00:00.0,NULL,0.0
5585,4684,109,0,2017-11-28 15:00:00.0,NULL,-1.0
5569,5656,9,1035,2017-11-23 10:51:00.0,NULL,-1.0
2844,2548,8231,34306,2014-06-11 17:09:58.0,NULL,-1.0
1511,8559,475,1209,2014-07-04 15:23:57.0,NULL,-1.0
1261,7323,56,4224,2017-11-15 12:06:00.0,NULL,-1.0
6397,10020,338,8550,2014-07-30 15:27:58.0,NULL,-1.0
9491,7031,552,462,2017-11-13 17:03:00.0,NULL,-1.0
5856,9015,978,12019,2014-06-10 17:09:25.0,NULL,-1.0
575,3801,10,11,2017-11-21 14:42:00.0,NULL,-1.0
1121,2217,8,121,2017-11-18 10:12:00.0,NULL,-1.0
5908,10083,14,16,2017-11-06 10:33:00.0,NULL,-1.0
6015,5109,26,14,2017-11-15 13:39:00.0,NULL,-1.0
8432,517,26833,9951,2014-06-26 14:53:58.0,NULL,-1.0
4056,5502,295,744,2014-07-02 09:33:59.0,NULL,-1.0
4573,2694,8,7,2017-12-04 16:12:00.0,NULL,-1.0
7858,9197,0,0,2017-11-04 08:57:00.0,NULL,0.0
3832,8492,79,65,2017-12-08 13:21:00.0,NULL,-1.0
9359,2343,85,1244,2017-11-07 16:12:00.0,NULL,-1.0
9574,7582,272,77,2017-11-01 10:42:00.0,NULL,-1.0
1061,6454,261,760,2017-11-29 11:42:00.0,NULL,-1.0
3692,8267,403,98,2017-11-02 09:06:00.0,NULL,-1.0
5802,6171,4,49,2017-11-02 12:24:00.0,NULL,-1.0
3429,6333,13,970,2018-01-02 16:21:00.0,NULL,-1.0
2057,3990,62,188,2017-10-27 12:06:00.0,NULL,-1.0
3978,8373,11726,463,2017-10-26 13:42:00.0,NULL,-1.0
9538,1475,10,194,2017-11-02 18:36:00.0,NULL,-1.0
5118,7016,25,25,2017-11-06 13:06:00.0,NULL,-1.0
6451,7837,9,2,2017-10-26 18:15:00.0,NULL,-1.0
5894,9104,218,382,2017-10-23 17:39:00.0,NULL,-1.0
8540,9604,19,6,2017-11-03 14:33:00.0,NULL,-1.0
3526,9829,33,7,2017-11-10 11:12:01.0,NULL,-1.0
4044,4840,4,8,2017-10-31 12:24:00.0,NULL,-1.0
1219,5097,12,0,2017-11-06 15:21:00.0,NULL,-1.0
2897,4572,1058,9582,2014-06-09 11:09:59.0,NULL,-1.0
6208,2835,51534,576,2017-10-20 11:57:00.0,NULL,-1.0
6756,7073,3,4,2018-01-31 11:15:00.0,NULL,-1.0
9118,2581,9,17,2017-10-26 09:21:00.0,NULL,-1.0
2933,4009,36528,906,2017-10-24 10:24:00.0,NULL,-1.0
3497,9835,704,9841,2014-06-17 15:37:58.0,NULL,-1.0
9301,3444,2,0,2017-11-22 09:21:00.0,NULL,-1.0
7421,3445,3,2,2017-10-13 09:48:00.0,NULL,-1.0
1857,698,20,7,2017-10-18 15:03:00.0,NULL,-1.0
3261,3818,733,2865,2014-06-05 16:05:58.0,NULL,-1.0
1381,9332,38,1012,2017-10-12 12:21:00.0,NULL,-1.0
1987,2185,363,724,2017-10-31 10:33:00.0,NULL,-1.0
3842,3508,2,57,2017-11-10 03:06:00.0,NULL,-1.0
4545,3757,49,68,2017-10-09 12:51:00.0,NULL,-1.0
8606,6841,7,34,2017-10-12 15:36:00.0,NULL,-1.0
2140,815,39,1,2017-10-09 11:12:00.0,NULL,-1.0
553,8385,318,1069,2014-06-26 12:07:59.0,NULL,-1.0
2227,5191,9,45,2017-10-17 11:27:00.0,NULL,-1.0
9688,6409,1,3,2017-10-09 11:21:00.0,NULL,-1.0
6501,6270,7,200,2017-10-09 11:18:00.0,NULL,-1.0
435,6049,477,663,2017-10-11 11:33:00.0,NULL,9.517507
7382,4941,20,140,2017-09-30 16:33:00.0,NULL,-1.0
3333,6023,265,230,2014-06-09 17:04:57.0,NULL,-1.0
4094,6731,291,867,2017-09-27 11:18:00.0,NULL,-1.0
6456,475,3804,9362,2014-05-30 17:55:57.0,NULL,-1.0
6567,3136,70,0,2017-10-10 09:57:00.0,NULL,0.0
6550,5510,4,60,2017-09-28 14:48:00.0,NULL,-1.0
9196,7609,387,2740,2014-05-30 13:23:58.0,NULL,-1.0
884,3525,17,279,2017-09-28 17:18:01.0,NULL,-1.0
338,7781,2,2,2017-09-27 13:36:00.0,NULL,-1.0
9734,2017,10,0,2017-09-25 14:36:01.0,NULL,0.0
2176,7102,624,63,2017-09-25 10:06:00.0,NULL,-1.0
2690,8934,5,37,2017-10-12 17:42:00.0,NULL,-1.0
1472,2392,2,0,2017-09-22 19:18:00.0,NULL,-1.0
5867,5029,2528,3791,2017-09-19 17:03:00.0,NULL,-1.0
1241,6875,39,292,2017-09-30 15:42:00.0,NULL,-1.0
6575,10312,58,0,2017-09-21 15:51:00.0,NULL,-1.0
8109,8193,38,164,2017-09-19 00:18:01.0,NULL,-1.0
5504,1466,242,26,2014-06-09 16:51:57.0,NULL,-1.0
9054,399,10,42,2017-09-17 11:06:00.0,NULL,-1.0
8914,5603,254,4177,2017-09-15 17:19:50.0,NULL,-1.0
520,6873,38,753,2017-09-13 14:53:38.0,NULL,9.712239
5530,5550,13,3,2017-09-25 18:36:00.0,NULL,-1.0
1445,6373,1850,14155,2014-06-03 16:38:42.0,NULL,-1.0
1374,7729,57,310,2017-10-22 21:33:00.0,NULL,-1.0
4626,3476,115,363,2017-09-06 12:19:19.0,NULL,-1.0
4880,1067,8,34,2017-10-20 15:00:00.0,NULL,-1.0
8326,6282,1106,1919,2017-09-06 13:06:13.0,NULL,-1.0
5698,3437,1,2,2017-09-13 14:30:22.0,NULL,-1.0
9716,1251,73,234,2017-09-06 15:42:06.0,NULL,-1.0
5741,7999,1338,9968,2017-10-13 16:48:00.0,NULL,-1.0
5140,4573,1,5,2017-09-11 17:11:15.0,NULL,-1.0
4740,2527,188,1573,2017-09-07 20:32:17.0,NULL,-1.0
709,8418,249,6,2014-06-05 11:07:58.0,NULL,-1.0
7030,3226,147,427,2017-09-07 09:31:12.0,NULL,-1.0
4605,1481,227,559,2017-09-07 13:41:10.0,NULL,-1.0
4961,5028,4974,15311,2014-05-28 14:53:58.0,NULL,-1.0
6446,6656,42,32,2017-09-07 09:24:02.0,NULL,-1.0
6812,2461,146,408,2017-09-07 01:49:39.0,NULL,-1.0
1898,5769,1524,3191,2017-09-07 10:53:08.0,NULL,-1.0
2962,1757,120,5656,2017-09-07 10:14:03.0,NULL,-1.0
7114,8053,17,38,2017-08-31 13:27:58.0,NULL,-1.0
6194,790,3102,4673,2017-09-02 15:51:22.0,NULL,-1.0
7838,9274,22,26,2017-09-27 19:51:00.0,NULL,-1.0
2949,5116,1,8,2017-11-23 17:42:00.0,NULL,-1.0
7819,847,125,1377,2017-08-30 13:58:18.0,NULL,-1.0
8855,3544,194,265,2017-08-30 19:27:28.0,NULL,-1.0
6341,4470,9,42,2017-08-30 09:15:28.0,NULL,-1.0
1972,3958,398,851,2017-08-28 14:54:00.0,NULL,-1.0
8958,298,8258,542,2017-08-30 10:12:58.0,NULL,-1.0
1125,9560,5049,2202,2017-08-31 10:14:59.0,NULL,-1.0
5902,9042,463,1109,2017-09-01 20:15:09.0,NULL,-1.0
1656,6007,78,1104,2017-09-07 16:31:36.0,NULL,-1.0
640,6727,28,1593,2017-08-25 13:34:49.0,NULL,-1.0
5341,6864,3968,2180,2017-08-23 14:42:54.0,NULL,-1.0
258,9857,2291,3932,2017-08-21 09:50:54.0,NULL,-1.0
8029,9330,656,1433,2017-08-23 13:02:20.0,NULL,-1.0
811,5799,77,130,2017-08-18 15:04:39.0,NULL,-1.0
5582,3804,812,2268,2017-08-18 13:22:24.0,NULL,-1.0
3327,7053,2564,9163,2017-08-14 12:41:24.0,NULL,-1.0
2391,940,11,884,2017-08-10 19:02:13.0,NULL,-1.0
8530,7741,204,486,2017-08-17 10:46:48.0,NULL,-1.0
6054,9741,25,768,2017-08-16 12:25:36.0,NULL,-1.0
5484,5754,1,36,2017-08-16 13:37:11.0,NULL,-1.0
5531,2975,2251,7394,2017-08-16 15:49:17.0,NULL,-1.0
7233,1753,477,977,2014-05-21 13:16:51.0,NULL,-1.0
3201,7454,36,11,2017-08-14 14:02:57.0,NULL,-1.0
4030,2321,335,405,2014-05-27 17:27:45.0,NULL,-1.0
4782,153,3982,15834,2014-06-13 17:03:57.0,NULL,-1.0
821,6492,6,1,2018-02-13 21:48:00.0,NULL,-1.0
675,7548,8444,2123,2017-08-10 10:20:29.0,NULL,-1.0
6811,328,250,126,2014-05-27 17:29:45.0,NULL,-1.0
1201,9270,131,167,2017-08-08 11:16:57.0,NULL,-1.0
7432,419,3,12,2017-08-15 17:22:36.0,NULL,-1.0
1992,4980,5,476,2017-08-08 09:23:32.0,NULL,-1.0
9484,5757,40,2530,2017-08-06 09:48:37.0,NULL,-1.0
1603,1939,1,0,2017-09-18 18:33:01.0,NULL,-1.0
9622,7244,181,148,2017-08-04 11:41:10.0,NULL,-1.0
2665,6947,337,705,2017-08-07 12:11:40.0,NULL,-1.0
8623,1007,1346,4654,2014-05-21 14:25:47.0,NULL,-1.0
5182,560,450,100,2017-08-03 18:04:17.0,NULL,-1.0
3500,9881,25,194,2017-08-21 15:50:26.0,NULL,-1.0
4958,7077,14,3,2017-08-07 18:35:13.0,NULL,-1.0
1978,4544,360,583,2017-08-01 15:57:54.0,NULL,-1.0
7274,7080,103,718,2017-08-06 17:16:38.0,NULL,-1.0
283,752,945,1302,2014-06-06 17:45:22.0,NULL,-1.0
251,3127,12,85,2017-09-05 23:49:22.0,NULL,-1.0
4227,2023,21758,81237,2014-06-24 15:45:57.0,NULL,-1.0
3852,1774,4605,8742,2017-07-27 15:25:04.0,NULL,-1.0
6420,7309,7,20,2017-07-24 12:52:18.0,NULL,-1.0
7275,5155,658,124,2017-07-21 16:57:07.0,NULL,-1.0
2459,893,25380,4215,2017-07-21 11:51:42.0,NULL,-1.0
5189,4703,788,493,2017-07-19 14:31:30.0,NULL,-1.0
8091,1810,12,1,2017-07-21 11:07:06.0,NULL,-1.0
2347,5949,65,11,2017-07-20 11:43:32.0,NULL,-1.0
4101,4351,1,7,2017-07-31 16:13:17.0,NULL,-1.0
3020,6968,295,17092,2017-07-11 21:49:59.0,NULL,-1.0
8566,7337,874,3629,2014-05-30 16:39:58.0,NULL,-1.0
1983,1746,15,622,2017-10-28 10:45:00.0,NULL,-1.0
1731,7234,42,236,2017-07-07 08:40:39.0,NULL,-1.0
6989,4588,257,993,2014-05-28 14:53:58.0,NULL,-1.0
512,1732,772,878,2014-05-16 14:36:20.0,NULL,-1.0
6784,4879,242,370,2017-07-20 15:02:36.0,NULL,-1.0
7796,4246,21186,1197,2017-07-05 16:12:44.0,NULL,-1.0
9431,7758,7,1,2017-07-03 18:55:28.0,NULL,-1.0
3559,9742,528,4673,2014-05-20 08:33:47.0,NULL,-1.0
5031,534,961,9359,2014-06-06 11:05:58.0,NULL,-1.0
3346,543,3884,755,2017-07-08 08:43:12.0,NULL,-1.0
848,1574,39730,6292,2018-04-07 14:45:01.0,NULL,-1.0
5227,8703,10502,4324,2017-07-07 11:31:43.0,NULL,-1.0
7821,4561,483,875,2017-07-26 12:27:31.0,NULL,-1.0
3958,10391,265,748,2014-05-22 15:19:46.0,NULL,-1.0
3530,6209,157,167,2017-07-07 15:40:02.0,NULL,-1.0
5544,9053,6344,1885,2017-06-29 15:09:38.0,NULL,-1.0
4399,2942,1409,986,2017-06-28 12:53:26.0,NULL,-1.0
86,4613,1217,2349,2017-07-03 10:50:13.0,NULL,-1.0
4029,3081,3693,11594,2014-08-20 17:04:30.0,NULL,-1.0
1510,7484,2636,1942,2017-07-04 14:52:51.0,NULL,-1.0
6107,7682,449,6108,2015-02-09 11:23:56.0,NULL,-1.0
496,4673,54,5,2017-08-24 09:14:47.0,NULL,-1.0
7808,4074,656,1762,2017-06-26 11:24:14.0,NULL,-1.0
7480,4324,1742,9100,2017-06-20 08:31:09.0,NULL,-1.0
5634,3342,73,121,2017-06-21 09:59:30.0,NULL,-1.0
5344,2088,156,241,2017-06-20 17:04:57.0,NULL,-1.0
577,120,70,69,2017-06-30 10:15:02.0,NULL,-1.0
1964,10059,3369,1440,2017-06-19 18:05:56.0,NULL,-1.0
1675,4322,297,381,2017-06-14 12:00:48.0,NULL,-1.0
4928,9028,264,934,2017-06-29 16:31:19.0,NULL,-1.0
3226,7417,5,1,2017-07-14 16:27:21.0,NULL,-1.0
9158,871,921,947,2017-06-23 14:26:22.0,NULL,-1.0
5645,3180,118,829,2017-06-29 11:02:11.0,NULL,-1.0
9494,2467,38,98,2017-06-27 10:32:00.0,NULL,-1.0
5195,6945,4868,14243,2014-06-10 23:03:57.0,NULL,-1.0
788,5382,1819,1294,2017-06-13 15:58:32.0,NULL,-1.0
4798,1781,5379,1256,2017-06-13 16:12:54.0,NULL,-1.0
3510,5802,262,972,2017-06-12 11:09:31.0,NULL,-1.0
4898,1091,9,23,2017-06-24 12:00:57.0,NULL,-1.0
6090,4467,106,309,2017-06-02 15:48:23.0,NULL,-1.0
936,9350,18,4,2017-06-12 15:35:26.0,NULL,-1.0
6313,7936,1614,253,2017-07-05 19:30:59.0,NULL,-1.0
4750,1491,51,791,2017-06-01 09:23:40.0,NULL,-1.0
6316,2782,5,3,2017-06-13 15:23:31.0,NULL,-1.0
8563,968,5,265,2017-06-09 16:18:43.0,NULL,-1.0
3764,4201,84,630,2017-06-05 14:12:43.0,NULL,-1.0
2926,3728,1420,998,2017-06-07 13:36:30.0,NULL,-1.0
4247,5392,225,321,2014-06-05 15:03:58.0,NULL,-1.0
2581,7481,222,129,2014-05-15 14:42:20.0,NULL,-1.0
370,8577,19,1292,2017-05-26 15:02:01.0,NULL,-1.0
3002,7354,531,4990,2017-06-01 10:46:38.0,NULL,-1.0
9616,76,20,2,2017-06-29 13:57:30.0,NULL,-1.0
6947,9110,686,164,2017-06-12 16:17:44.0,NULL,-1.0
5743,2086,485,522,2017-05-30 16:35:05.0,NULL,-1.0
8173,7840,26598,755,2017-05-26 17:18:28.0,NULL,-1.0
4124,4186,118,153,2017-05-31 15:37:34.0,NULL,-1.0
559,3690,795,1602,2017-06-05 15:42:48.0,NULL,-1.0
8147,5051,3388,22375,2014-05-05 17:48:54.0,NULL,-1.0
7281,7766,2349,2138,2017-05-24 17:09:12.0,NULL,-1.0
1631,6304,585,1205,2017-06-06 17:49:32.0,NULL,-1.0
6694,3995,3,0,2017-06-29 01:45:01.0,NULL,-1.0
6696,9874,1276,4055,2017-05-17 15:29:34.0,NULL,-1.0
6036,5389,70,39,2017-05-20 04:49:51.0,NULL,-1.0
2032,2574,100,189,2017-05-22 13:59:02.0,NULL,-1.0
7293,1808,11059,845,2017-05-12 14:47:44.0,NULL,-1.0
9217,2905,21,16,2017-05-12 18:28:27.0,NULL,-1.0
2354,6401,1041,1107,2017-05-15 18:12:01.0,NULL,-1.0
418,3770,173,16905,2017-05-12 21:23:49.0,NULL,-1.0
892,10103,252,707,2017-05-12 13:32:32.0,NULL,-1.0
8779,7200,237,633,2017-05-18 10:36:29.0,NULL,-1.0
6055,4838,2325,10585,2017-05-18 22:08:11.0,NULL,-1.0
207,5485,455,1170,2017-05-09 11:38:52.0,NULL,-1.0
5171,3616,4,0,2017-05-16 16:34:44.0,NULL,0.0
6644,2723,19,57,2017-05-19 15:00:02.0,NULL,-1.0
5652,6582,88,2074,2017-05-03 10:10:23.0,NULL,-1.0
573,5851,615,2416,2017-05-05 15:33:04.0,NULL,-1.0
7129,7756,21799,9918,2017-06-02 15:26:53.0,NULL,-1.0
930,10121,849,1323,2017-04-28 14:37:33.0,NULL,-1.0
8545,7943,338,566,2017-05-05 17:46:28.0,NULL,-1.0
2025,5009,1,8,2017-05-24 11:16:46.0,NULL,-1.0
4390,2406,1315,3869,2017-04-27 14:08:39.0,NULL,-1.0
1221,3787,60,1354,2017-05-03 10:56:40.0,NULL,-1.0
5090,589,335,4959,2017-04-26 18:11:12.0,NULL,-1.0
810,309,148,5113,2017-04-27 11:31:40.0,NULL,-1.0
8478,1265,3692,8087,2017-05-15 16:33:49.0,NULL,-1.0
8772,361,1918,3353,2017-04-24 11:21:13.0,NULL,-1.0
9715,252,26,16,2017-04-28 10:34:15.0,NULL,-1.0
3356,1659,2477,4317,2014-05-07 10:44:17.0,NULL,-1.0
9657,6966,639,965,2017-04-28 19:51:40.0,NULL,-1.0
4089,8023,212,2323,2017-07-12 16:37:17.0,NULL,-1.0
1119,3044,372,2323,2017-04-24 14:21:38.0,NULL,-1.0
3272,8726,8536,3290,2017-04-19 14:31:21.0,NULL,-1.0
8475,5,52,414,2017-04-19 10:12:37.0,NULL,-1.0
4552,5548,249,447,2017-04-19 17:08:27.0,NULL,-1.0
3141,107,18269,37644,2017-04-19 13:46:10.0,NULL,-1.0
7544,9334,1215,2637,2017-04-23 13:26:37.0,NULL,-1.0
1882,2482,173,760,2017-04-18 09:00:01.0,NULL,-1.0
6893,1378,10841,1562,2017-04-18 14:03:39.0,NULL,-1.0
9327,7418,16,227,2017-04-17 18:55:25.0,NULL,-1.0
4849,1197,280,696,2017-05-09 11:55:02.0,NULL,-1.0
794,608,439,1142,2017-04-19 12:33:10.0,NULL,0.0
2453,5571,321,231,2017-04-30 16:34:11.0,NULL,-1.0
1568,688,811,2576,2017-04-26 18:25:24.0,NULL,-1.0
5796,2511,1117,2552,2017-04-17 14:27:43.0,NULL,-1.0
6119,1529,40,62,2017-04-24 16:13:34.0,NULL,-1.0
4032,3701,2,74,2017-04-21 17:16:37.0,NULL,-1.0
4051,9714,187,479,2017-04-18 15:50:36.0,NULL,-1.0
4478,9678,2251,2504,2017-05-05 12:43:03.0,NULL,-1.0
6086,6789,204,2097,2017-04-12 17:21:48.0,NULL,-1.0
5854,2961,1,5,2017-04-13 10:06:38.0,NULL,-1.0
7553,3566,1029,7021,2014-05-08 09:21:50.0,NULL,-1.0
2165,1483,323,2712,2017-04-22 13:52:31.0,NULL,-1.0
6633,9943,719,669,2017-04-12 17:31:23.0,NULL,-1.0
8579,5375,34,1304,2017-04-10 11:02:02.0,NULL,-1.0
725,7363,59,490,2017-04-07 16:38:07.0,NULL,-1.0
9600,9095,2718,9,2017-04-11 20:22:47.0,NULL,-1.0
8094,495,335,113,2017-04-10 17:29:20.0,NULL,-1.0
2499,5003,2700,1110,2017-04-17 17:46:02.0,NULL,-1.0
3973,4198,1223,534,2017-04-07 13:27:36.0,NULL,-1.0
8891,10033,0,0,2017-04-19 16:43:30.0,NULL,0.0
5013,3251,3431,34281,2014-04-26 17:26:14.0,NULL,-1.0
6440,1366,1554,6391,2017-03-31 14:37:45.0,NULL,-1.0
76,2918,468,1861,2017-04-10 15:21:33.0,NULL,-1.0
5003,2213,52,3560,2017-03-28 19:31:04.0,NULL,-1.0
1320,10077,828,3114,2017-03-29 17:28:53.0,NULL,-1.0
5684,8264,110,398,2017-03-29 11:54:00.0,NULL,-1.0
4453,323,686,5999,2017-03-28 20:22:57.0,NULL,-1.0
2401,3499,1100,3152,2017-03-29 14:02:40.0,NULL,-1.0
2541,1941,4043,24245,2017-03-27 15:01:43.0,NULL,-1.0
4639,1551,163,1118,2017-03-31 10:42:46.0,NULL,-1.0
1861,8313,2747,8195,2014-06-05 12:58:36.0,NULL,-1.0
2117,2840,9,61,2017-03-29 22:09:23.0,NULL,-1.0
5932,6035,149,1812,2017-03-24 11:01:44.0,NULL,-1.0
8931,7970,226,1918,2017-03-24 16:49:42.0,NULL,-1.0
3730,5430,9,96,2017-04-05 10:53:18.0,NULL,-1.0
3061,2037,58,576,2017-03-31 16:52:50.0,NULL,-1.0
9087,9008,16,126,2017-03-22 20:48:21.0,NULL,-1.0
1680,2158,54,201,2017-03-30 15:58:23.0,NULL,-1.0
7439,1620,123,3633,2017-03-23 14:42:56.0,NULL,-1.0
7005,9936,6,65,2017-04-11 15:12:39.0,NULL,-1.0
2857,4087,195,4406,2017-03-21 17:51:02.0,NULL,-1.0
8113,5715,278,8454,2017-03-21 16:49:37.0,NULL,-1.0
4548,7799,3749,10722,2017-03-20 15:13:35.0,NULL,-1.0
3023,1256,457,1159,2017-06-07 15:34:53.0,NULL,-1.0
4105,5671,69,187,2017-03-20 13:13:52.0,NULL,-1.0
3070,6393,175,2144,2017-03-16 15:21:30.0,NULL,-1.0
4991,8605,515,26,2017-03-18 15:36:28.0,NULL,-1.0
8751,2855,6812,9067,2017-04-05 14:25:10.0,NULL,-1.0
9639,2300,24,6,2017-04-05 18:39:59.0,NULL,-1.0
827,5607,10,0,2017-04-15 19:19:47.0,NULL,-1.0
5461,7508,0,14,2017-03-30 18:09:57.0,NULL,-1.0
1533,9084,1935,12,2017-03-30 10:36:54.0,NULL,-1.0
1884,9758,272,1606,2017-03-30 13:37:41.0,NULL,-1.0
2310,5202,21,108,2017-03-20 11:04:36.0,NULL,-1.0
2577,5662,728,2577,2017-04-10 13:27:56.0,NULL,-1.0
7998,1204,32,142,2017-03-11 10:27:48.0,NULL,-1.0
6381,1921,141,863,2017-03-17 10:59:32.0,NULL,-1.0
7542,1684,8516,26384,2017-03-23 19:30:43.0,NULL,-1.0
4148,4329,2667,2961,2017-03-10 14:54:54.0,NULL,-1.0
7354,4878,393,1629,2017-03-15 17:29:06.0,NULL,-1.0
9626,4918,355,2659,2017-03-15 17:00:40.0,NULL,-1.0
1581,2970,4,0,2017-09-30 14:42:00.0,NULL,-1.0
7728,9424,1531,1301,2017-03-10 22:13:03.0,NULL,-1.0
8651,5702,33974,3448,2017-03-27 15:40:04.0,NULL,-1.0
3910,7882,1929,3797,2014-04-23 09:23:52.0,NULL,-1.0
3627,3891,722,968,2017-03-08 15:59:54.0,NULL,-1.0
2607,277,2138,2377,2017-03-06 16:44:16.0,NULL,-1.0
2472,1416,143,190,2017-03-11 17:32:55.0,NULL,-1.0
109,9584,611,117,2017-03-01 14:29:04.0,NULL,-1.0
8516,5071,2082,6836,2017-03-27 10:51:34.0,NULL,-1.0
4209,1989,305,1601,2017-02-28 15:26:06.0,NULL,-1.0
4529,7380,1791,1589,2017-04-27 14:39:50.0,NULL,-1.0
2364,9318,95,177,2017-02-28 16:16:31.0,NULL,-1.0
7758,2325,10,3,2017-03-16 11:00:40.0,NULL,-1.0
2128,4605,2111,5198,2017-03-02 15:02:56.0,NULL,-1.0
4850,6312,34,362,2017-03-06 16:51:49.0,NULL,-1.0
8299,3629,69,1841,2017-02-23 15:09:29.0,NULL,-1.0
5497,4315,1064,27815,2017-02-27 17:06:30.0,NULL,-1.0
233,3036,12,36,2017-03-07 09:22:11.0,NULL,-1.0
8909,9338,2687,565,2017-04-04 17:20:20.0,NULL,-1.0
6769,1276,2748,1407,2017-03-26 21:17:25.0,NULL,-1.0
8781,382,557,2130,2017-02-20 23:30:14.0,NULL,-1.0
6211,7426,641,1008,2017-02-21 11:13:15.0,NULL,-1.0
8604,4505,481,2254,2017-02-20 10:11:00.0,NULL,-1.0
1540,9623,4103,4812,2017-03-24 10:42:56.0,NULL,-1.0
5968,8672,16850,19640,2017-02-16 18:44:14.0,NULL,-1.0
4153,2374,10,151,2017-02-20 16:33:57.0,NULL,-1.0
234,1537,52,325,2017-03-15 16:20:00.0,NULL,-1.0
9631,7438,343,346,2014-04-16 17:36:49.0,NULL,-1.0
204,9791,1531,61,2017-03-08 10:29:38.0,NULL,-1.0
4379,9305,37,73,2017-02-15 10:15:50.0,NULL,-1.0
7693,9291,15,0,2017-03-17 16:00:23.0,NULL,-1.0
8369,7268,9024,15244,2017-02-07 14:58:57.0,NULL,-1.0
7551,9063,32,56,2017-05-02 09:12:50.0,NULL,-1.0
8159,8528,131,708,2017-02-14 12:02:19.0,NULL,-1.0
6081,9648,606,2244,2017-02-07 11:22:20.0,NULL,-1.0
3521,8524,51,48,2017-05-19 05:50:09.0,NULL,-1.0
2133,7358,945,9787,2014-04-16 17:27:54.0,NULL,-1.0
809,1113,232,491,2017-02-12 15:30:08.0,NULL,-1.0
5953,196,17,25,2017-01-21 16:45:43.0,NULL,-1.0
5670,8519,1112,2005,2017-01-20 12:16:48.0,NULL,-1.0
7200,4144,1199,1886,2014-04-25 10:11:52.0,NULL,-1.0
1358,7362,1158,7074,2014-04-14 15:57:55.0,NULL,-1.0
6376,1488,38,88,2017-03-24 16:59:31.0,NULL,-1.0
6021,4745,3194,226,2017-01-12 17:17:30.0,NULL,-1.0
2429,4849,723,10210,2014-04-15 11:34:10.0,NULL,-1.0
9122,8417,405,1199,2017-01-12 17:16:46.0,NULL,-1.0
3664,4526,119,786,2017-01-06 13:17:40.0,NULL,-1.0
6227,5964,3177,6622,2017-01-09 11:37:28.0,NULL,-1.0
6678,1447,125,1750,2017-01-04 16:54:34.0,NULL,-1.0
7592,4861,37,286,2017-02-22 09:29:08.0,NULL,-1.0
6790,6958,1321,6394,2017-01-06 15:41:53.0,NULL,-1.0
6737,9744,3626,4856,2017-01-06 15:31:53.0,NULL,-1.0
6976,438,93,493,2017-02-23 13:17:59.0,NULL,-1.0
9414,5553,11,6,2017-01-05 23:47:45.0,NULL,-1.0
5094,9589,2436,1458,2016-12-29 17:24:22.0,NULL,-1.0
8041,1344,4190,2557,2016-12-26 11:32:39.0,NULL,-1.0
3926,3480,12,60,2016-12-28 16:58:19.0,NULL,-1.0
3445,588,636,79,2017-01-04 17:55:32.0,NULL,-1.0
2880,4548,102,4624,2016-12-19 13:35:29.0,NULL,-1.0
3336,8014,8,8,2016-12-20 10:24:51.0,NULL,-1.0
3747,3538,5946,6196,2016-12-16 16:48:06.0,NULL,-1.0
7628,9588,563,48,2016-12-19 18:05:59.0,NULL,-1.0
3971,4380,130,1629,2016-12-12 10:43:18.0,NULL,-1.0
4090,9169,17,1,2016-12-16 18:37:09.0,NULL,-1.0
8163,7422,2063,5238,2014-04-08 14:00:08.0,NULL,-1.0
4293,6126,71,1428,2016-12-22 17:38:17.0,NULL,-1.0
4996,6244,34,30,2017-03-06 16:34:16.0,NULL,-1.0
7759,7946,82,320,2016-12-22 16:58:32.0,NULL,-1.0
4659,4520,303,581,2016-12-07 17:59:16.0,NULL,-1.0
7108,7391,20,40,2016-12-07 13:49:46.0,NULL,-1.0
6110,2255,5276,47970,2017-02-07 11:13:08.0,NULL,-1.0
7128,591,633,4668,2014-04-03 11:51:21.0,NULL,-1.0
3081,6504,124,1225,2016-12-13 14:17:01.0,NULL,-1.0
5557,9653,226,13919,2016-12-02 15:01:17.0,NULL,-1.0
7158,6768,43,74,2017-03-21 14:41:25.0,NULL,-1.0
7277,8409,6638,8561,2016-12-16 01:46:41.0,NULL,-1.0
99,2830,2561,8084,2016-12-05 15:56:28.0,NULL,-1.0
6389,5470,10,15,2016-12-15 06:42:43.0,NULL,-1.0
4278,8856,85,425,2016-12-01 14:03:17.0,NULL,-1.0
3625,1523,323,755,2014-04-08 14:18:08.0,NULL,-1.0
2613,3053,1494,4826,2016-11-22 17:33:21.0,NULL,-1.0
3287,6379,203,323,2016-11-23 11:57:21.0,NULL,-1.0
7660,40,521,878,2016-11-21 16:21:22.0,NULL,-1.0
2369,4797,2833,17846,2014-04-05 20:53:57.0,NULL,-1.0
1956,8635,867,13249,2014-04-08 15:50:10.0,NULL,-1.0
2440,1370,1496,14073,2014-05-09 09:38:18.0,NULL,-1.0
8348,10075,18030,167440,2014-04-18 11:53:53.0,NULL,-1.0
3482,5919,3707,6148,2016-11-11 13:49:59.0,NULL,-1.0
7698,10222,177,5205,2016-11-14 14:51:25.0,NULL,-1.0
5825,9628,8871,12005,2016-11-15 13:03:26.0,NULL,-1.0
3656,10153,2260,2358,2016-11-11 17:01:26.0,NULL,-1.0
3970,4508,261,866,2016-11-22 17:49:59.0,NULL,-1.0
8231,923,69,1365,2016-11-15 13:39:26.0,NULL,-1.0
8200,8986,100,281,2016-11-25 11:45:20.0,NULL,-1.0
3720,3385,3527,5309,2016-11-07 13:07:30.0,NULL,-1.0
133,5923,144,848,2016-11-17 14:35:24.0,NULL,-1.0
4692,4148,3,0,2016-11-08 16:59:27.0,NULL,-1.0
2264,4683,183,1286,2016-11-08 10:43:27.0,NULL,-1.0
3167,2272,47,1823,2016-11-14 16:09:27.0,NULL,-1.0
6724,9453,27,240,2016-11-04 13:29:29.0,NULL,-1.0
9024,9634,39,670,2016-11-16 11:29:25.0,NULL,-1.0
5955,5866,345,388,2017-01-18 15:00:57.0,NULL,-1.0
4488,6791,1980,2379,2016-11-15 17:19:59.0,NULL,-1.0
3996,9144,107,586,2016-10-28 18:59:59.0,NULL,-1.0
8281,10188,348,317,2014-04-15 16:50:12.0,NULL,-1.0
3079,5856,256,57,2014-04-15 16:50:10.0,NULL,-1.0
5520,861,123,2309,2016-11-25 21:57:20.0,NULL,-1.0
1726,8266,123,283,2016-11-08 19:03:59.0,NULL,-1.0
4344,9786,20417,5039,2016-10-27 10:37:33.0,NULL,-1.0
3112,603,87,943,2016-11-03 14:01:59.0,NULL,-1.0
2474,3882,600,2947,2016-10-25 16:58:00.0,NULL,-1.0
6274,3267,272,1126,2016-10-26 14:03:34.0,NULL,-1.0
8849,8280,38,9,2016-11-17 17:59:23.0,NULL,-1.0
7896,4237,6076,8178,2016-11-02 12:43:32.0,NULL,-1.0
1365,3412,1346,8800,2016-10-21 18:39:35.0,NULL,-1.0
6463,1056,10772,578,2016-10-27 00:59:59.0,NULL,-1.0
2418,2924,4805,5844,2016-10-25 09:13:35.0,NULL,-1.0
6063,4800,564,1142,2014-03-26 16:18:03.0,NULL,-1.0
1167,2281,91,171,2016-11-14 11:57:25.0,NULL,-1.0
4882,6370,659,1069,2014-03-27 15:28:04.0,NULL,-1.0
5943,6179,7,119,2016-10-20 13:31:59.0,NULL,-1.0
1915,7420,11,51,2016-10-19 12:31:59.0,NULL,-1.0
9089,1633,87,2470,2016-10-18 16:07:36.0,NULL,-1.0
9458,5720,1624,3172,2016-10-21 11:45:35.0,NULL,-1.0
379,7143,1229,1736,2016-10-12 15:25:40.0,NULL,-1.0
839,6038,232,3102,2016-11-02 10:27:32.0,NULL,-1.0
6613,2242,1,2,2016-11-04 09:59:29.0,NULL,-1.0
5493,5847,42,861,2016-10-26 23:55:34.0,NULL,-1.0
9061,4328,163,524,2016-10-21 14:51:35.0,NULL,-1.0
2398,4297,97,885,2016-10-12 11:39:39.0,NULL,-1.0
4195,6235,40008,124493,2014-04-01 10:28:05.0,NULL,-1.0
8291,1617,1455,2879,2016-10-17 09:43:37.0,NULL,-1.0
9047,7549,4885,11368,2016-10-10 12:17:40.0,NULL,-1.0
680,1435,1491,5230,2016-10-11 13:57:40.0,NULL,-1.0
2728,6633,121,867,2017-05-26 16:15:56.0,NULL,-1.0
4660,7263,135,3337,2016-09-29 15:59:45.0,NULL,-1.0
6875,6057,1027,6977,2014-03-28 15:50:02.0,NULL,-1.0
6096,6748,1716,13377,2014-04-18 12:53:54.0,NULL,-1.0
3464,4843,354,987,2017-03-06 12:28:36.0,NULL,-1.0
9135,6549,492,535,2016-11-09 22:45:29.0,NULL,-1.0
9594,9062,144,509,2016-10-17 16:19:34.0,NULL,-1.0
8885,6730,336,1531,2016-10-20 09:37:36.0,NULL,-1.0
1101,10246,47,1251,2016-09-27 18:17:59.0,NULL,-1.0
9326,167,368,2893,2016-09-22 16:29:49.0,NULL,-1.0
6980,2728,404,1489,2017-03-31 15:46:26.0,NULL,-1.0
4011,7222,1469,4067,2016-09-28 10:39:46.0,NULL,-1.0
5658,8810,157,248,2016-09-23 12:05:48.0,NULL,-1.0
2,2568,804,956,2016-10-21 09:13:35.0,NULL,-1.0
1509,3972,2167,17833,2016-09-19 17:44:00.0,NULL,-1.0
7371,1114,3411,401,2016-12-13 15:27:14.0,NULL,-1.0
1266,660,817,1001,2016-09-18 16:15:50.0,NULL,-1.0
3001,8104,450,329,2016-09-30 11:45:44.0,NULL,-1.0
6353,10364,70,1192,2016-10-17 10:25:59.0,NULL,-1.0
9651,3085,59,226,2016-09-27 11:19:59.0,NULL,-1.0
3813,354,3251,6850,2016-10-12 15:15:37.0,NULL,-1.0
8151,974,3337,7320,2016-09-12 16:51:53.0,NULL,-1.0
149,4195,496,5093,2016-09-23 09:22:00.0,NULL,-1.0
7363,1001,37,635,2016-09-12 16:53:53.0,NULL,-1.0
6533,3120,1295,7171,2016-09-22 17:09:49.0,NULL,-1.0
7752,2411,386,1141,2016-09-18 11:41:50.0,NULL,-1.0
343,4142,179,701,2016-09-30 17:13:59.0,NULL,-1.0
1503,5150,80,414,2016-09-29 10:41:46.0,NULL,-1.0
5886,2551,164,496,2016-09-20 10:57:49.0,NULL,-1.0
2862,8435,3602,2364,2016-09-06 18:24:00.0,NULL,-1.0
5209,905,64,147,2016-09-05 12:13:56.0,NULL,-1.0
1759,6315,147,852,2016-09-13 10:40:00.0,NULL,-1.0
6708,6278,341,24464,2016-09-15 19:29:51.0,NULL,-1.0
2184,3041,30,13,2016-09-08 15:47:54.0,NULL,-1.0
1015,3839,306,526,2016-09-22 11:49:48.0,NULL,-1.0
9008,468,1104,10859,2016-08-26 21:30:00.0,NULL,-1.0
2886,1174,135,975,2016-08-31 12:54:00.0,NULL,-1.0
6776,8844,154,633,2016-09-14 10:17:51.0,NULL,-1.0
6070,5184,307,2698,2016-10-13 13:18:20.0,NULL,-1.0
5362,3591,4715,2939,2016-08-31 17:21:57.0,NULL,-1.0
873,6883,52,1156,2016-08-29 13:09:58.0,NULL,-1.0
915,8804,3576,7994,2016-09-08 13:51:54.0,NULL,-1.0
8184,9206,1696,4991,2016-08-17 15:56:00.0,NULL,-1.0
5778,7397,324,4608,2014-03-21 10:18:01.0,NULL,-1.0
1040,6897,157,1554,2016-08-16 15:30:00.0,NULL,-1.0
6916,2153,600,2923,2016-08-25 22:33:04.0,NULL,-1.0
1077,5954,637,670,2016-08-12 04:16:00.0,NULL,-1.0
9293,1926,705,3578,2016-08-11 11:58:00.0,NULL,-1.0
53,4338,1403,5195,2014-03-25 14:48:00.0,NULL,-1.0
7885,1327,209,426,2014-03-20 16:27:59.0,NULL,-1.0
9694,4708,207,711,2016-08-16 16:38:00.0,NULL,-1.0
4250,8723,244,1421,2016-08-18 12:08:00.0,NULL,-1.0
2270,4330,38,54,2016-08-09 17:02:00.0,NULL,-1.0
1117,4248,140,543,2016-09-30 17:53:44.0,NULL,-1.0
4651,1605,7,149,2016-08-15 12:44:00.0,NULL,-1.0
692,10192,10,3,2016-08-11 13:22:00.0,NULL,-1.0
1279,3468,2235,14500,2016-08-08 13:40:00.0,NULL,-1.0
8659,9787,6,20,2016-08-04 15:16:00.0,NULL,-1.0
2591,5208,4443,11989,2016-08-11 17:52:00.0,NULL,-1.0
9113,2138,1013,4087,2016-08-04 16:44:00.0,NULL,-1.0
5282,485,56,580,2016-08-16 09:40:00.0,NULL,-1.0
5667,206,4086,5843,2016-08-04 13:38:00.0,NULL,-1.0
3601,3752,8473,19445,2016-08-02 16:56:00.0,NULL,-1.0
7590,8034,24,19,2016-08-03 15:30:00.0,NULL,-1.0
556,7000,2286,5066,2016-08-04 09:34:00.0,NULL,-1.0
2432,194,2117,4442,2016-08-05 09:42:00.0,NULL,-1.0
367,97,5463,16759,2016-08-09 21:50:00.0,NULL,-1.0
2282,1700,374,772,2016-08-06 12:00:00.0,NULL,-1.0
5038,7423,2357,6052,2016-07-26 16:40:00.0,NULL,-1.0
4897,2483,89,384,2016-07-27 15:12:00.0,NULL,-1.0
138,4185,260,436,2016-08-01 12:02:00.0,NULL,-1.0
7373,6299,12,183,2016-07-26 14:40:00.0,NULL,-1.0
1089,1179,569,4224,2016-07-22 15:58:00.0,NULL,-1.0
6922,8927,1587,3731,2016-07-28 11:40:00.0,NULL,-1.0
7941,5623,848,5265,2014-03-17 14:18:03.0,NULL,-1.0
3281,9666,130,582,2016-08-18 14:58:00.0,NULL,-1.0
7595,5359,242,1035,2016-07-26 10:16:00.0,NULL,-1.0
653,966,3062,3876,2016-07-20 18:20:00.0,NULL,-1.0
9134,10276,680,1020,2016-07-29 14:56:00.0,NULL,-1.0
5627,6252,734,2471,2016-07-15 17:18:00.0,NULL,-1.0
5429,8991,455,1149,2016-08-15 18:19:42.0,NULL,-1.0
5472,2182,204,398,2016-07-20 09:50:00.0,NULL,-1.0
2426,7386,176,490,2017-04-06 14:03:09.0,NULL,-1.0
5420,5242,5307,14140,2016-07-08 18:06:00.0,NULL,-1.0
6346,5638,789,1326,2016-07-12 13:50:00.0,NULL,-1.0
1441,1458,267,1583,2016-08-18 11:08:00.0,NULL,-1.0
1351,8372,8,235,2016-07-08 15:26:00.0,NULL,-1.0
5418,6522,883,3151,2016-07-16 13:18:00.0,NULL,9.455167
5024,6698,3529,11373,2016-07-01 16:14:00.0,NULL,-1.0
5511,6066,5476,16988,2016-07-06 11:02:00.0,NULL,-1.0
2404,6696,738,5873,2014-03-07 17:41:55.0,NULL,-1.0
8593,5396,7670,53569,2016-06-27 15:26:00.0,NULL,-1.0
1953,9992,19,11,2016-06-22 19:40:00.0,NULL,-1.0
4962,6527,7,25,2016-06-24 09:22:00.0,NULL,-1.0
3340,9579,289,8286,2016-07-07 09:58:00.0,NULL,-1.0
1071,2459,35,143,2016-06-20 16:04:00.0,NULL,-1.0
3360,10226,1757,592,2016-07-01 17:36:00.0,NULL,-1.0
5728,2947,9601,19327,2016-06-16 16:26:00.0,NULL,-1.0
766,7505,1642,3946,2016-06-15 16:56:00.0,NULL,-1.0
1100,1838,62,303,2016-11-17 16:57:24.0,NULL,-1.0
5405,5303,414,1335,2016-06-15 11:56:00.0,NULL,-1.0
7087,6697,722,13395,2014-05-15 16:34:25.0,NULL,-1.0
2334,10171,514,12575,2014-03-07 12:14:03.0,NULL,-1.0
1557,1018,2595,20666,2016-07-14 17:28:00.0,NULL,-1.0
8358,10249,1290,5786,2016-06-17 10:10:01.0,NULL,-1.0
3992,2006,620,2044,2014-03-19 09:38:03.0,NULL,-1.0
1733,4442,3530,6749,2016-06-08 08:26:00.0,NULL,-1.0
1642,7698,4288,3210,2016-06-14 17:14:00.0,NULL,-1.0
8663,3762,22,58,2016-07-21 11:14:00.0,NULL,-1.0
3256,9262,230,23,2016-06-08 16:16:00.0,NULL,-1.0
9552,1699,494,2223,2016-06-01 15:50:00.0,NULL,-1.0
6455,1154,3499,6073,2016-06-06 11:54:00.0,NULL,-1.0
3450,7520,4247,2843,2016-07-21 10:20:00.0,NULL,-1.0
2439,8600,1546,4497,2016-07-28 21:32:00.0,NULL,-1.0
7362,5423,6118,25980,2014-03-05 11:35:57.0,NULL,-1.0
756,10173,220,802,2014-03-07 16:56:02.0,NULL,-1.0
969,2397,830,6249,2016-07-15 13:34:38.0,NULL,-1.0
9638,7396,1371,2098,2016-06-02 16:36:00.0,NULL,-1.0
6942,7416,657,1354,2014-03-04 10:15:18.0,NULL,-1.0
9228,2901,3810,11104,2016-05-30 09:28:48.0,NULL,-1.0
2837,7558,5194,14647,2016-06-02 12:04:00.0,NULL,-1.0
6872,10270,381,311,2016-05-27 22:18:00.0,NULL,-1.0
8018,6759,874,1975,2014-03-14 21:26:02.0,NULL,-1.0
5788,2751,610,2450,2014-08-07 15:50:24.0,NULL,-1.0
6474,5283,821,3931,2014-03-18 16:30:07.0,NULL,-1.0
6699,10218,1091,9481,2014-03-28 13:47:58.0,NULL,-1.0
510,6174,236,391,2014-02-08 09:34:57.0,NULL,-1.0
2183,5117,1923,8498,2014-01-27 13:23:52.0,NULL,-1.0
6392,900,280,1145,2014-01-26 17:38:05.0,NULL,-1.0
3118,4983,213,974,2014-01-26 13:40:50.0,NULL,-1.0
8765,4339,900,2440,2014-01-26 16:57:16.0,NULL,-1.0
3722,9640,266,432,2014-01-26 16:13:54.0,NULL,-1.0
8930,2545,407,4002,2014-03-21 16:26:02.0,NULL,-1.0
6655,8845,201,1013,2014-01-16 09:57:58.0,NULL,-1.0
1172,6251,65,19,2016-06-16 11:24:00.0,NULL,-1.0
7246,9676,629,488,2016-05-27 16:48:00.0,NULL,-1.0
9685,3269,1074,2126,2016-05-26 14:42:00.0,NULL,-1.0
6372,7306,1508,2300,2016-05-27 14:08:00.0,NULL,-1.0
5028,5941,1168,2141,2016-05-25 12:02:00.0,NULL,-1.0
2157,1333,501,1321,2014-01-10 11:25:28.0,NULL,-1.0
4846,8025,411,4738,2014-01-08 16:51:01.0,NULL,-1.0
8588,5093,209,2000,2014-01-07 09:38:53.0,NULL,-1.0
6836,2727,174,589,2014-01-07 09:26:09.0,NULL,-1.0
9510,2763,189,40,2013-12-31 11:22:39.0,NULL,-1.0
6217,2528,492,18821,2013-12-27 15:00:14.0,NULL,-1.0
2565,8841,345,505,2013-12-26 15:06:26.0,NULL,-1.0
7654,7731,546,3085,2015-06-16 16:59:59.0,NULL,-1.0
1193,9866,4502,14469,2013-12-24 11:49:10.0,NULL,-1.0
8292,7291,672,3220,2013-12-24 09:28:11.0,NULL,-1.0
3998,8634,552,8593,2013-12-23 17:33:58.0,NULL,-1.0
7967,10319,746,2049,2013-12-23 11:47:40.0,NULL,-1.0
2333,6559,1137,6532,2013-12-23 14:35:58.0,NULL,-1.0
6901,9626,430,1963,2013-12-23 11:54:55.0,NULL,-1.0
5198,6778,239,874,2013-12-23 10:57:39.0,NULL,-1.0
9419,9941,997,6087,2013-12-19 09:13:28.0,NULL,-1.0
2667,2179,328,1938,2013-12-19 10:42:39.0,NULL,-1.0
8418,4305,196,209,2013-12-18 16:16:39.0,NULL,-1.0
2618,1319,201,23,2013-12-18 15:53:45.0,NULL,-1.0
6373,5357,7383,29746,2013-12-18 14:50:49.0,NULL,-1.0
4080,7108,2565,13406,2013-12-11 17:50:11.0,NULL,-1.0
2377,7119,284,2394,2013-12-11 17:52:42.0,NULL,-1.0
6057,781,514,10587,2013-12-11 16:40:19.0,NULL,-1.0
5179,282,278,1432,2013-12-11 09:35:22.0,NULL,-1.0
483,6238,376,2270,2013-12-10 13:16:01.0,NULL,-1.0
4645,3219,232,494,2013-12-10 12:18:04.0,NULL,-1.0
7704,4619,317,634,2013-12-10 10:19:19.0,NULL,-1.0
7002,9321,703,2572,2013-12-10 10:26:53.0,NULL,-1.0
1674,6663,691,6605,2013-12-10 08:58:38.0,NULL,-1.0
3761,4350,261,4733,2013-12-07 11:38:14.0,NULL,-1.0
8183,4714,222,510,2013-12-07 11:30:32.0,NULL,-1.0
9296,10229,582,3954,2013-12-06 16:23:15.0,NULL,-1.0
4644,8509,1255,10524,2013-12-03 18:12:54.0,NULL,-1.0
2637,1836,5817,25362,2013-11-26 18:54:09.0,NULL,-1.0
8683,2595,8621,21893,2013-11-19 10:22:21.0,NULL,-1.0
1856,8176,190,202,2013-11-18 18:06:10.0,NULL,-1.0
8049,4042,3048,47511,2013-11-18 10:48:39.0,NULL,-1.0
7895,3673,791,169317,2013-11-14 14:39:25.0,NULL,-1.0
9178,10213,248,344,2013-11-11 16:43:43.0,NULL,-1.0
9476,8757,5499,13243,2013-11-11 15:28:18.0,NULL,-1.0
3007,8743,157,624,2013-11-07 11:30:17.0,NULL,-1.0
7409,8983,131,27,2013-11-07 10:17:25.0,NULL,-1.0
5448,713,887,2603,2013-11-05 18:58:36.0,NULL,-1.0
3933,1749,412,34285,2013-11-05 12:05:29.0,NULL,-1.0
8701,2276,702,792,2013-11-04 14:59:23.0,NULL,-1.0
1769,4112,291,2104,2013-10-28 19:54:30.0,NULL,-1.0
5607,9022,161,68,2013-10-28 19:43:28.0,NULL,-1.0
1163,7121,1651,4954,2013-10-28 16:36:18.0,NULL,-1.0
5931,5252,150,618,2013-10-24 18:35:42.0,NULL,-1.0
406,4445,139,24,2013-10-24 17:27:58.0,NULL,-1.0
4252,6991,195,98,2013-10-24 18:36:06.0,NULL,-1.0
2644,5200,668,1303,2013-10-23 13:25:59.0,NULL,-1.0
1760,4994,430,307,2013-10-22 16:04:38.0,NULL,-1.0
6614,3062,163,296,2013-10-21 17:18:10.0,NULL,-1.0
805,6823,346,5609,2013-10-21 11:16:00.0,NULL,-1.0
9142,4837,3257,18303,2013-10-18 16:46:18.0,NULL,-1.0
7816,61,429,1714,2013-10-21 09:27:34.0,NULL,-1.0
1764,2460,537,19008,2013-10-18 11:03:24.0,NULL,-1.0
5779,7319,1564,147327,2013-10-18 14:27:37.0,NULL,-1.0
1079,1706,278,2691,2013-10-18 16:04:42.0,NULL,-1.0
7596,3080,917,5785,2013-10-18 09:49:07.0,NULL,-1.0
619,7863,161,445,2013-10-10 19:28:31.0,NULL,-1.0
5899,5960,1335,2421,2013-10-09 15:35:37.0,NULL,-1.0
6742,2012,138,0,2013-10-09 16:09:41.0,NULL,-1.0
7841,1326,483,8401,2013-09-30 17:03:12.0,NULL,-1.0
814,10304,146,505,2013-09-30 16:29:19.0,NULL,-1.0
5767,2221,1990,3491,2013-09-30 15:30:07.0,NULL,-1.0
5174,1952,195,800,2013-09-30 16:15:03.0,NULL,-1.0
7156,5519,335,1690,2013-09-30 15:47:52.0,NULL,-1.0
311,7899,541,5174,2013-09-27 17:15:01.0,NULL,-1.0
2852,8008,7406,25852,2013-09-26 11:10:31.0,NULL,-1.0
7589,877,173,2833,2013-09-23 15:57:27.0,NULL,-1.0
4071,7926,1388,16635,2013-09-22 11:05:58.0,NULL,-1.0
98,10159,139,3,2013-09-18 17:44:02.0,NULL,-1.0
6568,1636,1098,215050,2013-09-27 16:07:40.0,NULL,-1.0
4318,4312,141,157,2013-09-17 18:17:07.0,NULL,-1.0
8524,3300,203,600,2013-09-17 18:58:56.0,NULL,-1.0
7931,4131,1371,2695,2013-09-17 15:16:13.0,NULL,-1.0
2872,2186,190,1110,2013-09-13 17:45:04.0,NULL,-1.0
7559,9768,170,14,2013-09-06 11:01:18.0,NULL,-1.0
9629,7547,4032,48681,2013-09-05 18:11:05.0,NULL,-1.0
9117,349,1497,2832,2013-09-04 17:40:18.0,NULL,-1.0
7574,4,143,229,2013-09-03 10:31:48.0,NULL,-1.0
5749,271,313,4110,2013-08-28 15:45:18.0,NULL,-1.0
2492,9719,212,2299,2013-08-28 16:31:28.0,NULL,-1.0
3298,10102,822,11735,2013-08-27 11:32:12.0,NULL,-1.0
2106,1350,1906,5907,2013-08-26 18:00:00.0,NULL,-1.0
7823,8606,1963,11353,2013-08-21 18:38:04.0,NULL,-1.0
4570,8566,157,30,2013-08-21 18:13:52.0,NULL,-1.0
3438,6859,5966,40799,2013-08-16 15:54:44.0,NULL,-1.0
7750,6884,181,132,2013-08-09 19:17:45.0,NULL,-1.0
1136,7955,5891,40304,2013-08-09 19:05:25.0,NULL,-1.0
2769,7921,150,297,2013-08-05 19:22:43.0,NULL,-1.0
4600,1248,152,551,2013-08-01 18:40:43.0,NULL,-1.0
4926,2046,421,8089,2013-08-01 14:02:08.0,NULL,-1.0
8001,1883,355,2499,2013-07-24 15:16:04.0,NULL,-1.0
8458,8522,307,2150,2013-07-22 15:57:02.0,NULL,-1.0
4487,1406,144,93,2013-07-17 16:30:40.0,NULL,-1.0
671,3253,168,2123,2013-07-17 10:15:48.0,NULL,-1.0
7442,7392,2737,5470,2013-06-28 17:31:39.0,NULL,-1.0
8293,6346,152,1064,2013-06-25 18:07:21.0,NULL,-1.0
9005,161,175,646,2013-06-25 14:02:20.0,NULL,-1.0
2039,5032,303,12251,2013-06-27 14:04:22.0,NULL,-1.0
2022,8367,206,1403,2013-06-27 14:08:05.0,NULL,-1.0
1022,9323,260,1632,2013-06-14 16:51:31.0,NULL,-1.0
6952,3793,18413,64144,2013-06-08 12:00:08.0,NULL,-1.0
4954,3928,160,3904,2013-06-07 16:08:49.0,NULL,-1.0
8507,8971,402,8932,2013-06-19 09:56:40.0,NULL,-1.0
6232,1833,191,1518,2013-06-06 14:43:43.0,NULL,-1.0
4533,1797,138,450,2013-06-06 14:11:37.0,NULL,-1.0
4490,4630,234,2230,2013-06-07 02:00:10.0,NULL,-1.0
951,9669,180,2852,2013-06-27 14:14:07.0,NULL,-1.0
6006,7843,2918,8558,2013-06-04 18:20:50.0,NULL,-1.0
5338,4478,2422,26510,2013-05-31 14:08:15.0,NULL,-1.0