sku_id,brand,shop_id,cate,market_time
226519,6302,2399,79,2015-07-02 11:19:04.0
63114,9167,4216,79,2016-07-08 14:29:12.0
372345,2748,7125,79,2016-04-07 16:21:40.0
366931,2698,10252,79,2016-09-11 15:00:22.0
174979,8368,871,79,2017-12-06 17:56:17.0
295436,6302,2399,79,2015-07-02 11:19:04.0
282251,6302,2399,79,2015-07-02 11:19:04.0
146764,6302,2399,79,2015-07-02 11:19:04.0
130851,6302,2399,79,2015-07-02 11:19:04.0
150184,2748,9541,79,2016-06-16 17:25:27.0
114345,6574,4071,79,2016-01-26 16:38:24.0
98950,8368,871,79,2017-07-24 17:56:50.0
188988,6574,4071,79,2016-12-02 11:42:04.0
106591,8103,7575,79,2015-12-31 15:23:31.0
251912,6111,1570,79,2017-02-13 17:18:29.0
140059,4217,7011,79,2017-05-18 13:06:45.0
110630,4217,7011,79,2017-05-18 13:06:45.0
196053,5192,652,79,2018-03-09 09:34:40.0
227772,9167,4216,79,2016-08-25 10:40:41.0
228234,5192,652,79,2018-03-09 09:34:40.0
271298,5192,652,79,2018-03-09 09:34:40.0
133835,3274,6700,79,2016-03-11 12:59:06.0
208319,5192,652,79,2018-03-09 09:34:40.0
313911,9167,4216,79,2016-08-25 11:00:56.0
151783,9268,1259,79,2016-04-22 10:36:38.0
5374,10435,8501,79,2016-08-22 08:50:15.0
134395,2698,10252,79,2016-09-11 15:00:22.0
228138,6302,2399,79,2015-07-02 11:19:04.0
73526,10614,9389,79,2017-06-19 15:14:01.0
86302,6302,2399,79,2015-07-02 11:19:04.0
217122,6302,2399,79,2015-07-02 11:19:04.0
14750,10435,8330,79,2016-03-11 09:28:23.0
80215,6302,7129,79,2012-12-26 15:08:30.0
253840,6302,7129,79,2017-08-02 11:06:37.0
354373,10435,6075,79,2015-11-23 15:49:01.0
180753,6302,1345,79,2016-08-12 14:05:16.0
284293,6302,1345,79,2016-08-19 12:42:09.0
188267,2300,2375,79,2017-03-28 18:04:48.0
133191,6302,1345,79,2016-08-19 12:42:09.0
195692,6302,1345,79,2016-08-12 14:05:16.0
207669,6302,1345,79,2016-08-12 14:05:16.0
94010,10435,8330,79,2016-03-11 09:28:23.0
262860,6302,1345,79,2016-08-19 12:42:09.0
252344,9167,4216,79,2016-07-08 14:29:12.0
173463,6302,6004,79,2015-04-01 14:58:06.0
212106,6302,6515,79,2016-12-11 18:57:34.0
220171,6302,7579,79,2017-08-29 18:24:46.0
169499,6302,7579,79,2017-08-29 18:24:46.0
215755,6302,7579,79,2015-05-23 10:56:16.0
276694,6302,8382,79,2017-11-14 15:40:25.0
222024,6302,8382,79,2017-11-03 10:24:48.0
294204,6302,8382,79,2017-11-14 15:40:25.0
109604,6302,8382,79,2017-11-14 15:40:25.0
166892,6302,8382,79,2017-11-14 15:40:25.0
194915,6302,8382,79,2017-11-14 15:40:25.0
176506,6302,8382,79,2017-11-14 15:40:25.0
334983,6302,8382,79,2017-11-14 15:40:25.0
220101,6302,8382,79,2017-11-14 15:40:25.0
142410,10435,8330,79,2016-03-11 09:28:23.0
292099,6302,4348,79,2017-05-03 01:19:37.0
149415,6302,4348,79,2017-05-03 01:09:40.0
63999,6302,4348,79,2017-05-03 00:42:22.0
111022,6302,4348,79,2017-05-03 01:01:14.0
6144,6302,8382,79,2017-11-14 15:40:25.0
30167,6302,9311,79,2015-04-21 16:12:47.0
51969,6302,9311,79,2015-04-21 16:12:47.0
226975,6302,1616,79,2015-03-23 17:20:29.0
296097,6302,6586,79,2016-01-12 16:35:25.0
251503,6302,6586,79,2016-01-12 16:35:25.0
352183,9167,4216,79,2016-07-08 14:29:12.0
51930,5762,8382,79,2018-01-10 18:09:39.0
14937,5762,8382,79,2018-01-10 18:09:39.0
332781,10435,7950,79,2016-06-13 13:30:40.0
154392,6302,7650,79,2015-03-02 13:40:23.0
33575,10179,216,79,2017-06-09 16:17:23.0
100728,9167,4385,79,2017-07-11 14:39:27.0
344292,9167,4385,79,2017-07-11 14:39:27.0
367542,10435,7950,79,2016-06-09 16:39:59.0
325100,9167,4385,79,2017-07-11 14:39:27.0
352254,9167,4385,79,2017-07-11 14:39:27.0
58610,9167,4385,79,2017-07-11 14:39:27.0
179737,10435,6126,79,2017-01-13 12:28:00.0
315108,10435,6075,79,2015-11-23 15:49:01.0
359267,10435,6126,79,2017-01-13 12:28:00.0
9362,10435,6126,79,2017-01-13 12:28:00.0
101011,10435,1884,79,2017-02-27 16:41:29.0
135892,10435,6075,79,2015-11-23 15:49:01.0
343553,5762,6826,79,2017-12-19 14:34:19.0
39192,10435,7950,79,2016-06-13 13:30:40.0
362725,10435,7950,79,2016-06-09 16:39:59.0
117009,10435,7950,79,2016-06-09 16:39:59.0
254757,10435,7950,79,2016-06-22 23:29:17.0
229056,10435,7950,79,2016-06-22 23:29:17.0
287141,6302,5568,79,2016-12-07 14:23:00.0
166195,6302,5568,79,2015-09-07 14:24:12.0
345583,6302,5568,79,2015-09-07 14:17:31.0
305000,6302,9234,79,2015-11-03 15:28:30.0
19069,10435,5048,79,2016-07-08 13:47:14.0
331913,6302,9234,79,2015-11-03 15:28:30.0
176356,9893,5400,79,2013-05-17 15:16:02.0
254386,6302,9234,79,2015-03-04 15:02:35.0
43522,10435,6436,79,2018-02-13 12:58:32.0
334703,6302,9234,79,2015-03-11 16:28:59.0
158463,6302,9234,79,2015-02-05 15:13:40.0
3949,6302,9234,79,2015-03-04 15:02:35.0
58698,6302,9234,79,2015-11-03 15:28:30.0
260217,6302,9234,79,2015-11-03 15:28:30.0
100738,6302,9234,79,2015-11-03 15:28:30.0
253907,6302,9234,79,2015-02-05 15:13:40.0
221901,6302,9234,79,2015-03-04 15:11:10.0
158859,6302,9234,79,2015-03-04 15:02:35.0
101133,6302,9234,79,2015-11-03 15:28:30.0
154904,6302,9234,79,2015-03-04 15:11:10.0
73390,6302,9234,79,2015-03-04 15:02:35.0
321958,6302,9234,79,2015-03-04 15:02:35.0
111811,6302,9234,79,2015-03-04 17:43:51.0
179673,6302,9234,79,2015-03-04 15:02:35.0
351672,6302,9665,79,2015-01-20 17:48:29.0
347508,6302,9665,79,2015-01-20 17:48:29.0
184668,6302,3369,79,2016-10-07 21:24:36.0
291940,6302,3369,79,2016-10-01 20:31:56.0
353248,6302,3369,79,2016-10-06 11:03:57.0
4289,2698,10252,79,2016-09-11 15:00:22.0
375215,10435,6436,79,2018-02-13 12:58:32.0
278923,6302,1607,79,2016-07-19 13:52:19.0
39750,10435,2466,79,2016-09-14 17:26:07.0
264108,10435,2466,79,2016-09-14 17:26:07.0
306993,6302,1607,79,2016-07-19 13:52:19.0
244777,2698,10252,79,2016-09-11 15:00:22.0
176866,10435,2466,79,2016-09-14 17:26:07.0
99218,10435,2466,79,2016-09-14 17:26:07.0
66333,2698,10252,79,2016-09-11 15:00:22.0
35166,2698,10252,79,2016-09-11 15:00:22.0
94483,4361,5896,79,2018-04-10 10:41:59.0
158771,10435,2466,79,2016-09-14 17:26:07.0
327305,10435,3390,79,2016-07-06 18:09:10.0
46858,10435,8208,79,2017-02-09 21:28:32.0
179135,10435,8208,79,2017-02-10 15:16:36.0
236517,10435,8208,79,2017-02-09 21:28:32.0
6255,10435,8208,79,2017-02-10 15:16:36.0
17662,10435,7950,79,2016-06-22 23:29:17.0
211265,10435,3394,79,2017-03-24 11:49:14.0
600,10435,7950,79,2016-06-22 23:29:17.0
9073,6302,9688,79,2015-06-12 15:04:03.0
240738,6302,3170,79,2015-04-22 01:10:20.0
63238,10435,7950,79,2016-06-13 13:30:40.0
51011,10435,7950,79,2016-06-13 13:30:40.0
92197,10179,216,79,2017-06-09 16:17:23.0
279834,10435,8856,79,2017-06-05 10:26:29.0
52293,10435,8330,79,2016-03-11 09:28:23.0
93232,6302,3170,79,2015-04-22 01:10:20.0
90138,6302,3170,79,2015-04-22 01:10:20.0
304770,6302,2375,79,2018-03-15 11:46:39.0
97528,10435,8330,79,2016-03-11 09:28:23.0
298895,10435,8330,79,2016-03-11 09:28:23.0
153349,10435,8330,79,2016-03-11 09:28:23.0
376408,10435,8330,79,2016-03-11 09:28:23.0
66721,10435,8330,79,2016-03-11 09:28:23.0
189051,7362,4249,79,2017-12-26 16:17:28.0
48018,10435,8330,79,2016-03-11 09:28:23.0
188020,10435,8330,79,2016-03-11 09:28:23.0
202379,10435,8330,79,2016-03-11 09:28:23.0
367864,8675,74,79,2016-11-24 14:31:43.0
28798,8675,6001,79,2016-12-01 16:22:43.0
51060,8675,7057,79,2016-03-28 17:53:17.0
49225,8675,10093,79,2017-04-20 14:43:20.0
31785,8675,6001,79,2016-12-01 16:22:43.0
355861,8675,4259,79,2016-02-16 17:07:18.0
57374,7477,9547,79,2017-12-12 10:50:44.0
224242,8675,6001,79,2016-12-01 16:22:43.0
271724,8675,769,79,2016-08-12 14:38:08.0
20046,8675,6001,79,2016-12-01 16:22:43.0
158441,8675,9508,79,2017-03-15 16:23:56.0
259922,8675,6001,79,2016-12-01 16:22:43.0
276953,8675,6001,79,2016-12-01 16:22:43.0
367167,109,1857,79,2016-08-04 05:02:52.0
207933,2001,5338,79,2016-01-11 19:51:27.0
192901,2001,6269,79,2016-11-22 20:26:20.0
182351,2001,5338,79,2016-01-11 19:51:27.0
63126,2001,5338,79,2016-01-11 19:51:27.0
25560,2001,5338,79,2016-01-11 19:51:27.0
60551,2001,5266,79,2017-11-29 15:21:32.0
335777,2001,5266,79,2017-11-29 15:21:32.0
39367,2001,6269,79,2016-11-22 20:26:20.0
53350,2001,6269,79,2016-11-22 20:26:20.0
294480,2001,7905,79,2016-12-12 21:55:38.0
370873,2001,7905,79,2016-12-12 21:55:38.0
65682,2001,7905,79,2016-12-12 21:55:38.0
352067,2001,1452,79,2018-02-26 14:16:33.0
278678,2001,1352,79,2017-08-31 11:13:35.0
233880,2001,5338,79,2016-01-11 19:51:27.0
362579,2001,1352,79,2017-08-31 11:13:35.0
248573,2001,1352,79,2017-08-31 11:13:35.0
183574,2001,5338,79,2016-01-11 19:51:27.0
9417,2001,7905,79,2016-12-12 21:55:38.0
168454,2001,7905,79,2016-12-12 21:55:38.0
167761,2001,5330,79,2012-11-08 10:15:30.0
194240,2001,1352,79,2016-12-23 11:26:45.0
175701,2001,1352,79,2016-12-23 11:26:45.0
53646,2001,9445,79,2012-11-08 10:14:29.0
354161,2001,1352,79,2016-12-23 11:26:45.0
126879,2001,7905,79,2016-12-12 21:55:38.0
298642,2001,1352,79,2016-12-23 11:26:45.0
272010,2001,1352,79,2016-12-23 11:26:45.0
218172,2001,1352,79,2016-12-23 11:26:45.0
18194,2001,1352,79,2016-12-23 11:26:45.0
296235,2001,5338,79,2016-01-11 19:51:27.0
140872,2001,7905,79,2016-12-12 21:55:38.0
139242,2001,6269,79,2016-11-22 20:26:20.0
371500,2001,1352,79,2016-12-23 11:26:45.0
88383,2001,5266,79,2017-11-29 15:21:32.0
67357,2001,5266,79,2017-11-29 15:21:32.0
36623,2001,6269,79,2016-11-22 20:26:20.0
83701,2001,6269,79,2016-11-22 20:26:20.0
264238,2001,2816,79,2017-04-28 15:51:47.0
293174,2001,2816,79,2017-04-28 15:51:47.0
27538,2001,2816,79,2017-04-28 15:51:47.0
371468,2001,2816,79,2017-04-28 15:51:47.0
331170,2001,2816,79,2017-04-28 15:51:47.0
259924,2001,2816,79,2017-04-28 15:51:47.0
329671,2001,2816,79,2017-04-28 15:51:47.0
187552,2001,6269,79,2016-11-22 20:26:20.0
44525,2001,1352,79,2016-12-23 11:26:45.0
24090,7387,2022,79,2016-06-02 15:20:01.0
20258,7387,2022,79,2016-06-02 15:20:01.0
58399,7387,2022,79,2016-06-02 15:20:01.0
174466,7387,2022,79,2016-06-02 15:20:01.0
124173,7387,2022,79,2016-06-02 15:20:01.0
228190,7387,2022,79,2016-06-02 15:20:01.0
278390,7387,2022,79,2016-06-02 15:20:01.0
314695,3095,10139,79,2017-04-02 16:27:18.0
94723,3095,10139,79,2017-04-02 16:27:18.0
243098,109,1857,79,2016-08-04 05:02:52.0
75690,4165,1607,79,2016-12-19 09:48:43.0
39417,3751,7783,79,2017-12-28 14:59:41.0
302044,3751,10395,79,2017-03-23 17:00:36.0
336283,3751,10395,79,2017-03-23 16:55:55.0
186669,3751,7783,79,2017-12-29 11:17:37.0
356126,3751,7783,79,2017-12-28 14:59:41.0
367479,3751,7783,79,2017-12-28 14:59:41.0
165116,3751,7783,79,2017-12-29 11:17:37.0
70289,7477,6436,79,2017-09-21 21:45:08.0
244086,8368,871,79,2017-07-21 18:33:42.0
376331,7342,9547,79,2016-08-14 00:06:59.0
245504,7477,10220,79,2017-10-27 15:59:42.0
40488,2698,10252,79,2016-09-11 15:00:22.0
30147,6302,2375,79,2018-03-15 11:46:39.0
210700,6302,2375,79,2018-03-15 11:46:39.0
48957,2698,10252,79,2016-09-11 15:00:22.0
245014,6302,79,79,2017-03-29 01:02:58.0
86514,3751,7783,79,2017-12-28 14:59:41.0
247733,6302,79,79,2017-03-29 01:02:58.0
362186,2698,10252,79,2016-09-11 15:00:22.0
155083,3751,7783,79,2017-12-28 15:25:22.0
175049,6302,79,79,2017-03-29 01:02:58.0
35269,3751,7783,79,2017-12-28 15:25:22.0
120842,3751,10395,79,2017-12-06 14:30:33.0
58192,5762,6826,79,2017-12-19 14:34:19.0
173332,3751,7783,79,2018-03-05 16:46:18.0
150921,3751,7783,79,2017-12-29 15:19:04.0
86345,3751,1448,79,2016-09-22 11:14:19.0
234283,2698,10252,79,2016-09-11 15:00:22.0
332551,7342,1936,79,2015-08-29 11:31:06.0
309467,2698,6161,79,2017-03-22 14:38:53.0
145753,3751,7783,79,2018-01-04 15:14:34.0
151749,6302,463,79,2015-05-18 17:25:29.0
30781,6302,463,79,2015-05-18 17:25:29.0
117117,2698,10252,79,2016-09-11 15:00:22.0
40639,6302,463,79,2015-05-18 17:25:29.0
102673,3751,7783,79,2018-03-05 16:46:18.0
117861,4736,5330,79,2018-03-05 09:45:01.0
310292,4736,8183,79,2017-04-25 19:23:23.0
21532,4736,318,79,2018-03-05 09:36:41.0
230271,6751,3470,79,2016-08-24 11:06:54.0
198909,6751,3470,79,2016-08-24 11:06:54.0
182582,4736,5330,79,2018-03-05 09:46:54.0
175569,4781,6104,79,2018-04-07 10:39:21.0
353425,2698,4903,79,2017-06-01 23:21:37.0
159897,8368,871,79,2017-07-21 18:33:42.0
340850,4251,128,79,2016-09-26 10:55:55.0
130119,3786,7575,79,2016-01-29 14:22:39.0
372585,4251,128,79,2016-12-22 17:06:06.0
61870,3786,7575,79,2016-01-29 14:22:39.0
113922,4736,5330,79,2017-06-29 18:23:48.0
119375,1837,7368,79,2016-03-11 14:38:41.0
140028,7878,4385,79,2016-07-06 18:48:41.0
67966,1159,4385,79,2014-12-30 15:17:04.0
137604,10216,6186,79,2016-11-20 03:42:19.0
215591,10216,6186,79,2016-11-20 03:42:19.0
299642,2698,10252,79,2016-09-11 15:00:22.0
329605,10216,6186,79,2016-11-20 03:42:19.0
94789,10216,6186,79,2016-11-20 03:42:19.0
306228,10216,6186,79,2016-11-20 03:42:19.0
97701,6915,5330,79,2017-07-19 17:58:08.0
271244,6915,1228,79,2016-10-12 14:53:44.0
329575,6302,3367,79,2013-11-29 15:14:00.0
3377,7607,9508,79,2016-09-21 19:03:13.0
216399,6302,463,79,2015-05-18 17:25:29.0
2023,6302,6729,79,2016-07-11 10:45:27.0
167977,7607,9508,79,2015-06-03 12:47:40.0
135908,6302,6729,79,2016-07-11 10:45:27.0
78696,4165,432,79,2017-04-24 16:15:01.0
26042,8080,8090,79,2014-04-28 15:32:26.0
155265,8080,8090,79,2012-05-11 17:21:34.0
355276,2117,1706,79,2015-05-26 17:10:38.0
120606,1007,6826,79,2016-07-08 11:09:43.0
69784,1007,6826,79,2016-07-08 11:09:43.0
301073,8080,8090,79,2014-04-30 15:48:20.0
168672,1007,6826,79,2016-07-08 11:09:43.0
35779,1007,6826,79,2016-05-30 17:49:58.0
48320,8080,8090,79,2018-01-15 15:57:40.0
274812,1007,6826,79,2016-05-30 17:49:58.0
176149,1007,6826,79,2016-07-08 11:09:43.0
114590,1007,6826,79,2016-11-05 17:24:38.0
193234,1007,6826,79,2016-05-30 17:49:58.0
12298,6203,10055,79,2017-01-04 09:05:59.0
154773,6302,6115,79,2016-04-20 09:30:04.0
104521,1007,6826,79,2016-11-05 17:24:38.0
43913,1007,2441,79,2017-12-27 15:10:31.0
280568,1007,3638,79,2015-06-23 16:02:28.0
11962,6302,6115,79,2017-12-20 17:40:29.0
225100,1007,3638,79,2015-05-29 11:09:57.0
180684,1007,3638,79,2015-05-29 11:09:57.0
54034,11168,9515,79,2018-01-15 22:49:18.0
38121,5573,2834,79,2017-04-03 17:04:07.0
168745,5573,2589,79,2015-07-08 10:49:02.0
254208,5573,1473,79,2018-01-24 16:11:48.0
200276,5573,1473,79,2018-01-24 16:11:48.0
156387,6302,6115,79,2016-07-19 16:05:21.0
108434,6302,6115,79,2016-07-19 16:05:21.0
281620,1007,3638,79,2015-04-23 13:30:26.0
68852,6302,6115,79,2017-12-20 17:40:29.0
173845,6302,6115,79,2016-04-20 09:30:04.0
153356,8080,8090,79,2018-01-15 16:21:00.0
16297,1007,3638,79,2015-04-23 13:30:26.0
49558,1007,3638,79,2015-04-23 13:30:26.0
181294,1007,3638,79,2015-04-23 13:30:26.0
90036,1007,3638,79,2015-04-14 13:14:08.0
19278,1007,7538,79,2015-11-17 23:00:12.0
48785,1007,650,79,2016-01-21 14:43:29.0
118950,6302,6115,79,2016-04-20 09:30:04.0
130746,1007,650,79,2016-01-21 14:43:29.0
40207,1007,650,79,2016-01-21 14:43:29.0
219319,9298,6187,79,2016-08-28 13:52:39.0
150165,6302,6115,79,2017-12-20 17:40:29.0
321766,9298,6187,79,2016-08-28 13:52:39.0
98636,9298,6187,79,2016-08-28 13:52:39.0
150279,6302,6115,79,2017-12-20 17:40:29.0
236736,1007,650,79,2016-01-21 14:43:29.0
136978,6302,6115,79,2017-12-20 17:40:29.0
328099,6302,8423,79,2016-03-29 15:14:21.0
81207,1007,650,79,2016-01-21 14:43:29.0
363683,2698,6161,79,2017-03-22 14:38:53.0
305148,1007,650,79,2016-01-21 17:16:31.0
221222,1007,650,79,2016-01-21 16:43:32.0
150237,6302,4439,79,2016-06-16 15:00:31.0
114983,1007,2441,79,2017-12-27 15:10:31.0
102619,10511,7707,79,2017-05-03 16:32:57.0
180017,10511,7707,79,2017-05-03 16:32:57.0
124540,10511,7707,79,2017-05-03 16:32:57.0
165607,10511,7707,79,2017-05-03 16:32:57.0
9201,10511,5506,79,2015-11-23 16:38:34.0
368985,10511,5506,79,2015-11-23 16:38:34.0
170414,10511,5506,79,2015-11-23 16:38:34.0
191943,5462,1445,79,2017-10-24 14:31:11.0
326529,6302,2238,79,2017-03-16 20:56:24.0
240515,10511,5506,79,2015-11-23 16:38:34.0
246453,10511,5506,79,2015-11-23 16:38:34.0
281033,6302,9688,79,2015-07-09 16:58:10.0
192048,6302,9688,79,2015-07-09 16:58:10.0
83281,10511,5506,79,2015-11-23 16:38:34.0
92880,6302,9688,79,2015-07-09 16:58:10.0
283346,10511,2375,79,2017-04-19 10:01:32.0
268448,10511,2375,79,2017-04-19 10:01:32.0
336954,6302,9688,79,2015-07-09 16:58:10.0
160941,10511,2375,79,2017-04-19 10:01:32.0
101769,10511,2375,79,2017-04-19 10:01:32.0
63668,5044,4230,79,2017-05-13 16:39:15.0
30703,10511,2375,79,2017-04-19 10:01:32.0
233438,6302,9688,79,2015-07-09 16:58:10.0
24082,10511,2375,79,2017-04-19 10:01:32.0
196592,5044,4230,79,2017-05-13 16:39:15.0
23438,6302,9688,79,2015-07-09 13:18:53.0
143273,10511,2375,79,2017-04-19 10:01:32.0
371939,1802,3406,79,2018-03-15 13:24:22.0
65374,1802,3406,79,2018-03-15 13:24:22.0
85661,6302,9688,79,2015-07-09 13:18:53.0
123788,1802,3406,79,2018-03-15 12:41:17.0
5717,7606,4653,79,2017-07-12 15:38:59.0
28847,7606,4653,79,2017-07-12 15:38:59.0
307236,6302,9688,79,2015-07-09 13:18:53.0
198619,10511,2375,79,2017-04-19 10:01:32.0
121174,10511,2375,79,2017-04-19 10:01:32.0
238523,267,4414,79,2018-02-08 12:57:45.0
192449,10511,2375,79,2017-04-19 10:01:32.0
140018,6302,9688,79,2015-06-12 15:04:03.0
188404,10511,2375,79,2018-02-23 15:23:51.0
376753,6302,9688,79,2015-06-12 15:04:03.0
124248,10511,2375,79,2017-04-19 10:01:32.0
326582,10511,2375,79,2018-02-23 15:23:51.0
112139,5106,2030,79,2017-03-18 18:32:32.0
12620,3024,979,79,2017-05-25 11:59:55.0
60940,4289,8215,79,2017-09-18 13:38:56.0
84065,4289,8215,79,2018-03-21 13:07:09.0
229927,5106,2030,79,2017-03-18 18:32:32.0
297737,10511,2375,79,2017-04-19 10:01:32.0
83665,267,4414,79,2018-02-08 12:57:45.0
270574,91,7398,79,2018-03-06 10:28:10.0
349901,10511,2375,79,2017-04-19 10:01:32.0
56948,1898,1182,79,2013-12-03 16:59:09.0
308709,5106,2030,79,2017-03-18 18:32:32.0
192770,655,8349,79,2016-03-10 18:30:33.0
342217,10511,2375,79,2017-04-19 10:01:32.0
72854,10511,2375,79,2017-04-19 10:01:32.0
54546,655,8240,79,2017-08-18 17:44:31.0
63396,655,532,79,2018-03-20 22:11:24.0
353743,2390,4551,79,2017-04-14 15:45:28.0
31552,91,7398,79,2018-03-06 10:28:10.0
79634,3180,2696,79,2016-12-08 09:48:21.0
87943,3180,2696,79,2017-12-15 09:41:01.0
60515,10511,2375,79,2017-04-19 10:01:32.0
250921,2313,4381,79,2016-08-19 14:36:58.0
17786,10165,3594,79,2018-04-09 17:30:12.0
371193,91,7398,79,2018-03-06 10:28:10.0
363840,2698,6161,79,2017-03-22 14:38:53.0
336435,10511,2375,79,2017-04-19 10:01:32.0
173066,114,5330,79,2017-09-07 19:11:49.0
28130,114,5330,79,2017-09-07 19:11:41.0
166520,114,5330,79,2017-09-07 19:11:44.0
41762,5762,8382,79,2018-01-10 18:09:39.0
280301,6983,1204,79,2017-04-27 17:45:36.0
202226,6983,1204,79,2017-04-27 17:45:36.0
53715,10012,10395,79,2016-11-25 17:28:41.0
67704,10012,10395,79,2016-11-25 17:28:41.0
314870,10511,2375,79,2017-04-24 11:47:34.0
318687,7063,4903,79,2017-06-22 14:13:54.0
147729,10511,2375,79,2017-04-24 11:47:34.0
88951,7063,4903,79,2017-06-22 14:13:54.0
283101,10511,2375,79,2017-04-19 10:01:32.0
217054,7063,5055,79,2015-05-09 18:02:32.0
204200,2698,7312,79,2018-01-22 15:22:25.0
170950,10511,2375,79,2017-04-19 10:01:32.0
123484,10511,2903,79,2015-08-31 00:20:30.0
208324,10511,2903,79,2015-08-31 01:05:45.0
344914,91,7398,79,2018-03-06 10:28:10.0
26518,10511,9667,79,2016-06-16 17:18:40.0
10977,10511,9433,79,2015-06-10 16:15:32.0
158731,10511,9433,79,2015-06-10 16:15:32.0
1369,10511,5848,79,2016-07-15 17:29:22.0
181767,7063,5055,79,2017-04-13 18:06:58.0
8889,3165,1220,79,2017-12-27 10:28:10.0
177868,10511,5848,79,2016-07-15 17:29:22.0
154746,10511,5848,79,2016-07-15 17:29:22.0
20515,114,5330,79,2017-09-07 19:11:39.0
129742,10511,5848,79,2016-07-15 17:29:22.0
97760,2698,7312,79,2018-01-22 15:22:25.0
13471,10511,5848,79,2016-07-15 17:29:22.0
50406,10511,5848,79,2016-07-15 17:29:22.0
150815,10511,5848,79,2016-07-15 17:29:22.0
89691,10165,665,79,2017-08-15 11:15:05.0
39298,10511,5848,79,2016-07-15 17:29:22.0
33005,7961,6825,79,2017-08-30 16:22:28.0
77989,6915,1228,79,2013-04-24 09:20:14.0
133086,114,5330,79,2017-09-07 19:11:53.0
318978,6915,1663,79,2013-05-23 09:20:30.0
52541,10511,5848,79,2016-07-15 17:29:22.0
179693,6915,1228,79,2011-01-11 17:40:43.0
141822,114,5330,79,2017-09-07 19:11:51.0
15826,114,5330,79,2017-08-29 19:07:13.0
350769,2564,6159,79,2016-01-12 13:03:00.0
52745,3165,1220,79,2017-05-15 14:21:26.0
167759,10511,7773,79,2016-11-09 21:05:24.0
274623,10511,7773,79,2016-11-09 21:02:15.0
362096,114,5330,79,2017-08-29 19:07:18.0
17509,10511,7773,79,2017-05-04 15:44:11.0
105505,744,936,79,2016-08-02 19:34:45.0
227431,114,5330,79,2017-08-29 19:07:16.0
36111,114,5330,79,2017-08-29 19:07:09.0
255566,4964,1822,79,2017-08-25 15:53:25.0
280186,10511,7773,79,2016-07-06 16:40:12.0
192153,10511,7773,79,2016-07-06 16:40:12.0
230709,8368,871,79,2017-07-06 18:26:29.0
291592,2564,6159,79,2016-01-12 13:03:00.0
159381,10511,7773,79,2016-07-06 16:40:12.0
62757,114,5330,79,2017-09-07 19:11:47.0
8151,10511,7773,79,2016-07-06 16:40:12.0
21558,10511,7773,79,2016-07-06 16:40:12.0
53068,10511,7773,79,2016-07-06 16:40:12.0
31905,10511,7773,79,2016-07-06 16:40:12.0
164323,1898,1182,79,2017-10-17 14:21:25.0
358578,2564,6159,79,2016-01-12 13:03:00.0
287188,7595,5223,79,2017-04-27 16:09:23.0
331758,10511,7773,79,2016-07-06 16:40:12.0
125239,4964,1822,79,2017-08-25 13:40:48.0
188566,10511,4489,79,2015-12-02 11:07:43.0
286011,6915,1228,79,2014-11-03 11:28:18.0
84217,10511,4489,79,2015-12-02 11:07:43.0
133468,2698,10252,79,2016-09-11 15:00:22.0
342782,2698,4903,79,2017-06-01 23:21:37.0
160780,10511,4489,79,2015-12-02 11:34:46.0
338201,10511,4489,79,2014-06-22 22:31:30.0
46169,10511,4489,79,2014-06-22 22:31:30.0
224335,10511,4489,79,2014-06-22 22:31:30.0
241749,2313,4381,79,2016-08-19 14:36:58.0
207994,10511,4489,79,2014-06-22 22:31:30.0
159602,4808,9457,79,2017-12-02 19:38:08.0
17385,10511,4489,79,2015-12-02 11:34:46.0
72421,10511,4489,79,2015-12-02 11:34:46.0
157753,10511,4489,79,2015-12-02 11:36:04.0
278239,2313,4381,79,2016-08-19 14:36:58.0
276282,4964,3638,79,2015-06-30 14:41:33.0
59386,10511,4489,79,2015-12-02 11:36:04.0
256559,10511,4489,79,2013-09-15 22:03:50.0
353828,6915,1663,79,2013-05-23 10:27:55.0
33939,10511,4489,79,2014-06-22 22:31:30.0
370356,10511,4489,79,2013-09-15 22:03:50.0
151983,4964,3638,79,2015-06-30 14:41:33.0
143026,4964,3638,79,2015-06-30 14:41:33.0
223242,10511,4489,79,2013-09-15 22:03:50.0
73126,10511,4489,79,2015-12-02 11:34:46.0
142081,10511,4489,79,2013-09-15 22:03:50.0
145056,10511,4489,79,2013-09-15 22:03:50.0
171410,10511,1978,79,2012-12-11 18:37:03.0
199441,10511,425,79,2018-02-05 17:20:37.0
16300,10511,425,79,2018-02-05 17:20:37.0
319338,4964,3638,79,2015-06-30 14:41:33.0
262713,4964,2399,79,2015-08-29 15:11:01.0
198899,4964,2399,79,2015-08-29 15:11:01.0
111023,4964,3912,79,2015-12-14 16:57:28.0
152179,10511,1685,79,2017-02-23 12:42:17.0
177018,4964,8782,79,2017-05-10 15:43:35.0
282853,4964,2399,79,2015-08-29 15:11:01.0
83590,4964,3912,79,2015-12-14 16:57:28.0
118327,10511,3318,79,2016-08-03 14:30:53.0
369919,10511,3318,79,2016-08-03 14:30:53.0
231651,4964,8782,79,2017-08-14 17:54:11.0
131153,10511,3318,79,2016-01-20 15:50:32.0
25994,7041,5812,79,2016-04-13 16:19:32.0
355614,10511,9665,79,2015-01-14 14:25:50.0
314160,10511,9665,79,2015-01-14 14:25:50.0
168787,4964,6075,79,2016-03-15 15:13:37.0
218341,4964,6075,79,2016-03-15 15:13:37.0
220727,4964,7707,79,2017-10-26 17:47:26.0
31647,10511,9665,79,2015-01-14 14:25:50.0
62775,10511,9665,79,2016-09-01 17:06:49.0
208511,10511,9665,79,2016-09-01 17:06:49.0
378135,4964,10252,79,2016-08-27 23:28:03.0
268622,4964,10252,79,2016-08-27 23:28:03.0
269979,10511,9665,79,2016-09-01 17:06:49.0
123610,10511,6001,79,2016-12-27 19:51:22.0
187119,4964,10252,79,2016-08-27 23:28:03.0
278524,4964,7707,79,2017-10-26 17:47:26.0
367736,10511,2475,79,2015-09-14 16:55:12.0
344850,10511,8312,79,2015-08-24 10:35:00.0
220338,4964,10252,79,2016-08-27 23:28:03.0
102847,10511,6001,79,2016-12-27 19:51:22.0
74304,4964,10252,79,2016-08-27 23:28:03.0
212786,4964,10252,79,2016-08-27 23:28:03.0
235284,4964,10252,79,2016-08-27 23:28:03.0
157901,4964,10252,79,2016-08-27 23:28:03.0
261751,4964,10252,79,2016-08-27 23:28:03.0
97400,2313,4381,79,2016-08-19 14:36:58.0
333941,2313,4820,79,2016-07-28 10:09:45.0
270344,2313,4381,79,2016-08-19 14:36:58.0
134085,2313,4381,79,2016-08-19 14:36:58.0
362683,2313,4381,79,2016-08-19 14:36:58.0
15517,2313,4381,79,2016-08-19 14:36:58.0
339951,4165,2834,79,2017-04-24 16:03:20.0
364478,4165,432,79,2017-04-03 16:33:56.0
189806,4165,432,79,2017-04-03 16:33:56.0
87370,4165,2399,79,2015-12-31 09:53:35.0
93413,3261,8249,79,2017-07-08 14:01:57.0
289485,3261,8249,79,2017-07-08 11:30:48.0
242098,3261,8249,79,2017-07-08 13:45:58.0
289801,3261,8249,79,2017-07-08 13:24:30.0
252830,3261,8249,79,2017-12-28 17:28:55.0
97569,1468,3716,79,2017-05-08 11:05:13.0
195843,1468,3716,79,2017-05-08 11:05:13.0
67516,4165,2834,79,2017-04-24 16:03:20.0
148977,4165,2834,79,2017-04-24 16:03:20.0
206738,4165,2399,79,2016-07-19 11:13:26.0
21840,3992,5064,79,2017-08-10 09:40:40.0
120972,3992,5064,79,2017-08-10 09:40:40.0
159554,3992,5064,79,2017-08-10 09:40:40.0
126346,4165,2834,79,2017-04-03 16:18:11.0
26638,4165,2834,79,2017-04-03 16:18:11.0
332132,1730,1712,79,2018-02-03 23:30:52.0
56617,5591,10175,79,2018-02-15 10:57:38.0
82001,5591,2901,79,2016-06-03 11:57:03.0
292172,6055,1951,79,2017-01-03 10:46:28.0
187779,4165,2834,79,2017-04-24 16:03:20.0
336751,10509,4551,79,2017-04-08 14:59:22.0
114888,1143,7074,79,2015-08-14 13:34:27.0
216289,4724,1269,79,2017-07-27 17:20:01.0
222415,1730,6937,79,2015-10-12 18:57:40.0
297641,1730,6937,79,2014-11-18 17:18:50.0
107668,1730,6937,79,2014-11-18 17:18:50.0
253261,1730,6937,79,2014-11-18 17:18:50.0
235972,4799,1124,79,2013-01-23 10:54:25.0
122040,1730,6937,79,2018-01-11 10:58:06.0
39632,10332,4278,79,2017-09-26 15:59:04.0
352598,8369,3510,79,2017-04-22 15:04:08.0
366291,1898,3919,79,2014-06-24 12:05:51.0
24573,3274,10071,79,2016-12-09 11:52:40.0
367639,3519,9393,79,2017-09-25 13:30:33.0
86690,3519,9393,79,2017-09-25 13:30:33.0
163944,1898,3449,79,2017-09-18 16:16:32.0
226071,3519,5330,79,2017-09-12 18:55:55.0
253247,3274,10071,79,2016-12-09 11:52:33.0
333414,1898,3449,79,2016-03-18 09:55:16.0
333336,4165,9508,79,2015-10-18 11:17:28.0
30529,4165,6729,79,2016-06-06 18:15:28.0
198647,4165,6729,79,2017-07-31 18:36:50.0
241736,4165,1052,79,2016-06-22 22:05:55.0
50441,4165,1052,79,2016-06-22 22:05:55.0
322358,4165,1052,79,2016-06-22 22:05:55.0
30112,4165,1052,79,2016-06-22 22:05:55.0
22047,4165,1052,79,2016-06-22 22:05:55.0
216258,9384,3485,79,2014-04-02 14:28:57.0
91295,4165,6825,79,2017-04-21 18:38:03.0
280773,5389,2441,79,2017-12-29 10:15:03.0
331944,10415,1687,79,2016-02-24 20:37:28.0
320630,10415,463,79,2015-12-10 14:10:34.0
125704,10415,463,79,2015-12-10 14:10:34.0
179402,10415,1687,79,2016-02-24 20:40:54.0
283611,6340,2589,79,2016-10-27 11:59:44.0
178070,6340,2589,79,2016-10-27 11:59:44.0
62731,6340,2589,79,2016-10-27 11:59:44.0
54984,6340,2589,79,2016-10-27 11:59:44.0
105925,6340,2589,79,2016-10-27 11:59:44.0
285532,6340,2589,79,2016-10-27 11:59:44.0
8102,1898,3449,79,2011-08-05 10:46:35.0
64273,1898,5330,79,2017-09-19 11:15:12.0
155947,1898,1182,79,2015-10-13 17:22:54.0
182261,1412,3980,79,2017-09-22 10:25:25.0
73521,1412,3975,79,2017-08-25 17:46:59.0
362580,10511,3854,79,2016-03-08 19:00:17.0
151974,10511,6001,79,2016-12-27 19:51:22.0
59840,2698,4513,79,2015-10-23 17:58:14.0
368173,1412,3975,79,2017-08-25 17:46:59.0
162338,7041,5812,79,2016-04-13 16:19:32.0
16136,10511,3854,79,2016-03-08 19:00:17.0
15861,10511,3854,79,2016-03-08 19:00:17.0
336504,10511,3854,79,2016-03-08 19:00:17.0
123212,10511,3716,79,2017-04-20 14:30:02.0
152610,10511,3716,79,2017-04-20 14:30:02.0
191377,7041,5812,79,2016-07-11 18:02:39.0
70636,7041,5812,79,2017-04-18 17:13:19.0
176241,7041,5812,79,2016-05-13 18:08:18.0
19874,10511,74,79,2017-02-14 14:22:45.0
269129,10511,74,79,2017-02-14 14:22:45.0
220822,10511,4249,79,2015-09-23 11:30:36.0
103895,7041,5812,79,2017-04-18 17:13:19.0
217908,1898,5330,79,2017-09-18 16:15:28.0
351660,10511,4249,79,2015-09-23 11:30:36.0
340820,9279,3539,79,2016-12-08 10:43:52.0
317247,1898,5330,79,2017-09-18 16:14:19.0
115184,10511,3854,79,2016-03-08 19:00:17.0
302472,10511,8330,79,2016-03-13 10:53:36.0
129764,9279,3539,79,2016-12-08 11:14:48.0
140688,6915,1663,79,2016-10-17 14:58:24.0
6366,5400,2441,79,2018-01-13 13:45:33.0
67954,9279,3539,79,2016-12-08 17:02:20.0
138151,9279,3539,79,2018-01-15 14:25:47.0
265245,10511,8330,79,2016-03-13 10:53:36.0
301960,7121,1519,79,2016-09-21 09:10:27.0
214530,10511,2714,79,2017-07-25 14:39:51.0
290164,10511,2714,79,2017-07-25 14:52:48.0
269555,10511,2714,79,2017-07-25 15:05:07.0
111933,10511,2714,79,2017-07-25 14:39:51.0
276314,10511,2714,79,2017-07-25 15:05:07.0
37415,10511,2714,79,2017-07-25 14:39:51.0
266086,7121,1519,79,2015-04-23 10:11:18.0
82643,8949,8037,79,2017-08-30 17:25:36.0
169209,10511,2714,79,2017-07-25 15:05:07.0
39276,10511,2714,79,2017-07-25 14:52:48.0
332821,3612,660,79,2016-12-23 11:37:01.0
258815,7121,1519,79,2015-04-23 10:11:18.0
333852,10511,2714,79,2017-07-25 14:52:48.0
33021,855,861,79,2016-12-05 20:53:15.0
363962,855,861,79,2016-12-05 20:53:15.0
23489,855,861,79,2017-07-26 16:59:19.0
281883,7121,725,79,2017-11-22 18:20:47.0
68257,10511,9246,79,2015-04-07 15:03:55.0
353883,10511,9246,79,2015-04-07 15:03:55.0
364607,10511,9246,79,2015-04-07 15:03:55.0
107951,7121,1519,79,2015-04-23 10:11:18.0
195941,7121,1519,79,2016-09-21 09:10:27.0
333218,7121,1519,79,2015-04-23 10:11:18.0
163144,10511,4779,79,2015-09-24 18:31:44.0
369846,10511,4779,79,2015-09-24 18:31:44.0
232559,7121,1519,79,2016-09-21 09:10:27.0
74979,10511,4779,79,2015-09-25 11:35:43.0
195192,6915,1228,79,2012-12-27 15:23:26.0
322046,10511,4779,79,2015-09-24 18:31:44.0
114233,10511,4779,79,2015-09-24 18:31:44.0
264374,10511,4779,79,2015-09-24 18:31:40.0
83152,10511,4779,79,2015-09-24 18:31:40.0
171602,10511,4779,79,2015-09-24 18:31:40.0
60765,10511,4779,79,2015-09-24 12:55:10.0
47081,10511,4779,79,2015-09-24 12:55:10.0
174053,6915,1663,79,2013-05-23 10:14:13.0
199274,10511,4779,79,2015-09-24 12:55:10.0
100624,6915,1663,79,2016-04-25 11:30:36.0
145918,10511,4779,79,2015-09-24 18:31:44.0
235025,7121,1519,79,2015-04-23 10:11:18.0
326932,10511,4779,79,2015-09-24 12:55:10.0
232290,10511,2074,79,2015-08-27 16:04:43.0
363916,7121,1519,79,2017-06-12 16:40:07.0
85568,7121,1519,79,2016-09-21 09:10:27.0
244554,10511,2074,79,2015-08-27 16:04:43.0
66954,10511,8969,79,2016-08-02 09:50:28.0
60120,10511,8969,79,2016-08-02 09:50:28.0
256292,10511,8969,79,2016-08-02 09:50:28.0
256817,10511,8969,79,2016-08-02 09:50:28.0
354618,10511,8969,79,2016-08-02 09:34:44.0
129638,10511,8969,79,2016-08-02 09:34:44.0
314830,10511,8969,79,2016-08-02 09:34:44.0
27615,8368,871,79,2017-07-18 17:29:40.0
148361,10511,6161,79,2016-03-17 14:47:59.0
314512,7121,1519,79,2015-04-23 10:11:18.0
3199,10511,6354,79,2015-07-21 17:57:16.0
254760,3716,4382,79,2015-03-06 18:27:21.0
275781,3716,4382,79,2013-07-02 18:55:43.0
89397,10511,6354,79,2015-07-21 17:57:16.0
171117,10511,9433,79,2015-06-10 16:15:32.0
131261,3716,10395,79,2016-03-21 11:46:23.0
212865,2950,1936,79,2017-12-12 11:04:22.0
752,4854,4779,79,2015-09-24 13:28:50.0
21487,4854,4779,79,2015-09-24 13:28:50.0
299402,10511,9433,79,2015-06-10 16:15:32.0
212908,6281,2589,79,2016-11-25 17:23:42.0
30219,6281,2589,79,2016-11-25 17:23:42.0
133386,6281,2589,79,2016-11-25 17:23:42.0
166268,6281,2589,79,2016-11-25 17:23:42.0
275130,4854,4779,79,2015-09-24 13:28:50.0
344791,4854,4779,79,2015-10-19 19:13:13.0
37840,6281,2589,79,2016-11-25 17:23:42.0
158738,4854,4779,79,2015-10-19 19:13:13.0
200952,4854,4779,79,2015-10-19 19:13:13.0
73807,3716,10395,79,2017-10-29 10:02:53.0
225646,5662,8460,79,2017-11-08 18:12:36.0
158177,5662,8240,79,2017-07-13 16:38:42.0
178401,8303,7156,79,2017-10-18 14:52:38.0
173423,5662,8460,79,2017-11-08 18:12:36.0
248838,5662,8460,79,2017-11-08 18:12:36.0
43534,3716,10395,79,2017-10-29 10:09:04.0
304817,3716,4382,79,2013-07-04 16:12:14.0
288702,4854,4108,79,2015-07-24 10:36:15.0
82946,4854,4108,79,2015-07-24 10:29:00.0
74038,4854,936,79,2016-07-24 14:53:00.0
364249,4854,8423,79,2016-10-09 17:28:08.0
158374,4854,5282,79,2016-07-20 17:17:34.0
181301,6281,2589,79,2016-11-25 17:23:42.0
70431,4854,5282,79,2016-07-20 17:06:30.0
9770,4854,6997,79,2016-09-30 15:54:28.0
23774,1898,5330,79,2017-09-19 11:13:41.0
15324,4854,6997,79,2016-09-30 15:54:28.0
336609,4854,670,79,2016-07-25 11:24:35.0
796,4854,670,79,2016-07-25 11:24:35.0
337527,4854,670,79,2016-07-25 11:24:35.0
89432,4854,670,79,2016-07-25 11:24:35.0
144967,6281,3844,79,2017-12-01 11:41:46.0
66128,6281,3844,79,2017-12-05 10:36:26.0
30879,6281,3844,79,2017-12-01 11:41:46.0
48140,4854,1623,79,2016-12-15 17:22:01.0
59324,4854,1623,79,2016-06-24 17:39:11.0
18544,4854,1623,79,2016-06-24 17:33:51.0
156312,4854,9688,79,2015-07-21 11:30:36.0
157197,6281,3844,79,2017-12-01 11:24:43.0
215918,6281,10293,79,2015-05-27 10:35:33.0
191594,6281,5383,79,2016-01-14 11:37:10.0
177867,6281,5270,79,2015-10-23 16:22:00.0
56386,4854,6865,79,2015-05-19 11:45:48.0
91649,4854,6865,79,2015-05-19 11:45:48.0
228483,6281,5270,79,2015-10-23 16:21:58.0
75781,5602,2266,79,2017-04-25 19:23:26.0
313276,5602,5330,79,2017-12-19 14:44:34.0
358133,5602,4711,79,2017-10-26 18:04:44.0
309765,4859,3458,79,2017-02-28 10:10:04.0
63404,1853,7129,79,2018-03-06 18:37:09.0
11331,4076,1857,79,2016-08-06 01:19:03.0
34669,4076,8938,79,2017-08-12 10:03:04.0
3926,4854,9688,79,2015-07-21 11:30:36.0
294533,4854,9688,79,2015-07-21 11:30:36.0
74805,6281,5270,79,2015-10-23 16:20:54.0
252106,6281,5270,79,2016-10-20 16:11:51.0
109425,6281,5270,79,2016-10-20 16:13:13.0
354462,6915,1663,79,2016-04-25 11:54:49.0
367794,4854,936,79,2016-07-24 14:53:00.0
315929,4854,9688,79,2015-07-21 11:30:36.0
296119,4854,9688,79,2015-07-21 11:30:36.0
374818,5668,1936,79,2017-09-06 17:50:07.0
66613,6915,1663,79,2013-05-22 20:21:31.0
280333,6281,5270,79,2015-11-19 18:21:46.0
204607,5722,143,79,2016-09-09 14:54:16.0
166781,4854,9688,79,2015-07-21 11:30:36.0
95526,4854,9688,79,2015-07-21 11:30:36.0
376944,4854,9688,79,2015-07-21 11:30:36.0
159504,6281,8528,79,2017-02-21 10:54:20.0
164001,4854,3170,79,2015-10-09 15:50:22.0
221454,6281,5413,79,2015-11-09 10:54:57.0
315226,4854,3170,79,2015-10-09 15:50:22.0
125330,4854,3170,79,2015-10-09 15:50:22.0
194130,4854,3170,79,2015-10-09 15:50:22.0
138909,4854,3170,79,2015-10-09 15:50:22.0
58484,6281,5413,79,2015-11-09 10:54:57.0
362231,4165,2834,79,2017-04-24 16:03:20.0
67603,4854,3170,79,2015-10-09 15:50:22.0
236413,6281,5270,79,2015-11-19 18:21:43.0
342685,4854,6720,79,2018-01-13 10:46:57.0
181932,5668,1978,79,2013-10-08 15:27:20.0
377828,6281,6825,79,2016-07-06 12:10:35.0
320645,6281,5270,79,2015-11-19 18:21:40.0
122426,5668,1978,79,2013-10-08 15:27:20.0
270089,6281,9014,79,2016-04-28 12:14:34.0
144119,2564,1095,79,2016-08-08 12:37:16.0
152907,6281,4574,79,2018-01-13 12:21:12.0
109091,6915,1228,79,2014-11-05 17:57:04.0
353186,6281,4574,79,2018-01-13 12:21:12.0
328219,5668,1978,79,2014-05-15 14:04:10.0
135792,5668,1978,79,2013-10-08 15:27:20.0
289945,4854,6720,79,2018-01-13 10:46:57.0
22196,2564,408,79,2015-09-16 10:14:14.0
43462,4854,3170,79,2015-10-09 15:50:22.0
108928,2564,9546,79,2016-09-29 16:42:28.0
323771,5668,1978,79,2013-10-08 15:27:20.0
213825,5668,1978,79,2013-10-08 15:27:20.0
104092,4854,1533,79,2016-04-20 16:50:03.0
146892,4854,1352,79,2016-12-23 11:00:46.0
285167,4854,1352,79,2016-12-23 11:00:46.0
302092,5668,1978,79,2013-10-08 15:27:20.0
27568,4854,1345,79,2015-06-25 15:12:54.0
327386,4854,1352,79,2016-12-23 11:00:46.0
134562,445,6159,79,2016-01-18 15:20:33.0
345094,445,6159,79,2016-01-18 15:53:29.0
259221,445,6159,79,2016-01-18 15:20:33.0
147444,9114,8700,79,2016-06-02 10:48:28.0
245193,2698,7312,79,2018-01-22 15:22:25.0
376670,9114,8700,79,2016-06-02 10:48:28.0
282349,6915,1228,79,2013-05-31 10:53:53.0
168126,9388,6159,79,2016-12-23 14:20:07.0
171290,499,7873,79,2015-06-17 11:56:51.0
175018,5578,5506,79,2017-05-10 10:16:23.0
213508,9388,6159,79,2016-12-23 14:20:07.0
192263,4854,1345,79,2015-07-19 12:45:00.0
162417,4854,1345,79,2015-07-19 12:45:00.0
16447,4854,1345,79,2015-07-19 12:45:00.0
259286,9388,6159,79,2016-12-23 14:20:07.0
18254,2805,7357,79,2017-04-06 19:08:27.0
305370,2805,7357,79,2017-04-06 19:04:22.0
140494,9114,9619,79,2015-06-30 18:09:44.0
22092,2805,7357,79,2017-04-06 19:08:27.0
129229,7595,5223,79,2017-04-27 16:09:23.0
10952,5572,6000,79,2014-06-04 15:33:08.0
364956,2564,408,79,2015-09-16 10:14:21.0
374003,5572,6000,79,2016-05-24 16:53:20.0
131243,1898,3449,79,2011-08-05 10:51:04.0
116377,1898,3449,79,2016-03-18 09:55:38.0
299189,1898,9005,79,2017-06-27 17:37:09.0
320171,7595,5223,79,2017-04-27 16:09:23.0
246312,4854,1345,79,2015-06-25 15:48:57.0
136531,7342,1936,79,2015-08-29 11:31:06.0
142854,1898,9005,79,2017-06-27 17:37:09.0
106366,4618,8938,79,2017-01-11 11:15:51.0
319537,4618,8938,79,2017-01-11 11:15:51.0
244584,705,7908,79,2017-06-13 23:50:22.0
139016,4854,7338,79,2016-12-07 10:35:57.0
329991,1898,5330,79,2017-09-19 11:12:50.0
113759,1898,9005,79,2017-06-10 23:55:18.0
249613,1898,9005,79,2017-06-10 23:55:18.0
366864,7525,1857,79,2016-08-04 04:38:01.0
165902,7525,317,79,2017-04-18 14:08:38.0
358802,7525,7011,79,2017-06-10 20:55:50.0
42134,2698,4903,79,2017-03-31 14:27:10.0
79712,7525,7011,79,2017-06-10 20:55:50.0
107418,7525,1857,79,2016-08-04 04:38:01.0
1638,4854,7338,79,2016-12-07 10:35:57.0
91503,9114,9433,79,2015-06-08 15:10:22.0
134357,2698,4903,79,2017-03-31 14:27:10.0
272496,7525,1857,79,2016-08-04 04:38:01.0
47757,7703,3406,79,2017-03-16 11:31:16.0
262024,7703,3406,79,2017-03-16 11:31:16.0
135937,9114,8700,79,2016-06-02 10:48:28.0
101702,9114,8700,79,2016-06-02 10:48:28.0
142545,7703,3406,79,2016-01-28 21:17:19.0
98833,4165,2834,79,2017-04-24 16:03:20.0
364836,7595,5223,79,2017-04-27 16:09:23.0
311654,1898,5330,79,2017-09-18 16:16:12.0
284222,4854,7338,79,2016-12-07 10:35:57.0
181362,5389,6115,79,2017-12-12 11:57:35.0
127584,5389,2441,79,2017-12-29 10:15:03.0
200068,5389,6115,79,2017-12-12 11:57:35.0
295306,1898,1182,79,2013-12-03 17:02:39.0
13456,1898,9005,79,2017-06-27 17:37:09.0
129838,4854,7338,79,2016-12-07 10:35:57.0
362941,4854,7338,79,2016-12-07 10:35:57.0
43926,4854,2375,79,2016-07-25 14:34:50.0
86204,4854,2375,79,2016-07-25 14:34:50.0
90738,4854,2375,79,2016-07-25 14:34:50.0
308992,4854,2375,79,2016-07-25 14:34:50.0
96123,7792,74,79,2017-05-08 15:16:38.0
298633,4854,9665,79,2016-06-24 16:09:19.0
117724,4854,2375,79,2016-07-25 14:34:50.0
117951,4854,2375,79,2016-07-25 14:34:50.0
290578,4854,7129,79,2014-06-16 13:45:18.0
180523,4854,4680,79,2015-04-17 16:05:21.0
212876,10592,8717,79,2017-12-08 17:55:03.0
206478,4854,4680,79,2015-04-17 16:05:21.0
98533,4854,4680,79,2015-04-17 16:05:21.0
83904,4854,4680,79,2015-04-17 16:05:21.0
158355,4854,4680,79,2015-04-17 16:05:21.0
122872,7653,5514,79,2016-12-01 14:25:15.0
65025,4854,4680,79,2015-04-17 16:05:21.0
192397,4854,7298,79,2017-05-04 15:36:29.0
94470,4854,4680,79,2015-04-17 16:05:21.0
45145,1898,3919,79,2014-06-24 12:05:51.0
146257,6234,8349,79,2016-04-21 15:00:19.0
106311,6234,8349,79,2016-04-21 15:00:19.0
118948,4854,7298,79,2017-05-04 15:36:29.0
192283,4854,5338,79,2016-02-24 11:41:56.0
229309,5389,6826,79,2017-12-12 11:39:40.0
33389,5662,8460,79,2017-12-01 10:34:08.0
140861,5662,1463,79,2017-04-04 09:50:28.0
279318,4854,5338,79,2016-02-24 12:24:12.0
303705,4854,5338,79,2016-02-24 12:24:12.0
125337,1898,1182,79,2016-01-28 15:35:05.0
136916,4854,5338,79,2016-02-24 11:41:56.0
361045,5662,8240,79,2017-07-11 18:29:34.0
80658,1898,9005,79,2017-06-10 23:55:18.0
256941,3258,1725,79,2017-12-26 11:26:13.0
140098,7595,5223,79,2017-04-27 16:09:23.0
252266,705,7908,79,2017-06-14 17:39:24.0
82891,3258,1725,79,2017-12-26 11:26:13.0
83169,1898,9005,79,2017-06-10 23:55:18.0
296599,7342,1936,79,2015-08-29 11:31:06.0
133432,2698,4903,79,2017-03-31 14:27:10.0
163466,2698,5506,79,2016-03-30 14:14:46.0
118350,3258,1725,79,2017-12-26 11:26:13.0
209190,2698,9563,79,2016-08-02 18:04:11.0
284195,2698,5506,79,2016-03-30 14:14:46.0
218278,1898,9445,79,2017-08-22 19:02:24.0
312253,2698,5506,79,2016-03-30 14:14:46.0
69836,3258,1725,79,2015-09-22 13:18:46.0
105228,4165,2834,79,2017-04-24 16:03:20.0
133415,1898,3449,79,2011-08-05 10:47:56.0
85759,5206,3170,79,2015-04-22 01:42:28.0
51850,2698,5506,79,2016-03-30 14:14:46.0
373953,5206,3170,79,2015-04-22 01:42:28.0
14009,4165,432,79,2017-04-24 16:15:01.0
142828,1898,1182,79,2013-12-03 16:43:31.0
214694,10078,2834,79,2015-07-17 17:06:29.0
92831,700,3369,79,2016-07-23 16:03:23.0
314366,8368,871,79,2017-07-24 18:18:58.0
135040,2698,9563,79,2016-08-02 18:04:11.0
375408,8368,871,79,2017-12-06 17:56:17.0
12123,2698,5506,79,2016-03-30 14:14:46.0
31825,4854,5338,79,2016-02-24 12:24:12.0
101284,7653,6745,79,2017-06-06 16:50:46.0
278443,5206,9665,79,2015-01-14 15:48:40.0
13333,5206,3638,79,2015-04-22 13:10:30.0
230891,5206,1352,79,2016-12-30 17:36:42.0
11471,5206,9246,79,2015-04-07 16:19:22.0
34945,5206,9665,79,2015-01-14 15:48:40.0
40790,5206,9665,79,2015-01-14 15:48:40.0
340587,5206,9665,79,2015-01-14 15:41:40.0
72515,7653,5514,79,2016-12-01 14:25:21.0
307497,5206,9665,79,2015-01-14 15:41:40.0
36250,5206,9665,79,2015-01-14 15:41:40.0
214548,7653,6745,79,2017-06-06 16:50:46.0
215699,5206,9246,79,2015-04-07 16:17:00.0
268926,499,3844,79,2017-12-19 21:06:20.0
6675,5206,4779,79,2015-09-24 18:35:09.0
138333,7658,9954,79,2011-12-24 11:02:48.0
70072,5206,4779,79,2015-09-24 18:35:09.0
120343,2698,5506,79,2016-03-30 14:14:46.0
230809,5762,6826,79,2017-12-19 14:34:19.0
73854,5206,9246,79,2015-04-07 16:19:22.0
2700,5206,9246,79,2015-04-07 16:17:00.0
180516,700,6826,79,2016-07-08 13:45:05.0
190934,700,6826,79,2016-07-08 13:45:05.0
45621,2698,4513,79,2016-06-15 13:59:18.0
346744,700,3369,79,2016-08-11 22:08:48.0
224559,4165,2239,79,2017-04-03 16:21:36.0
237145,2698,9181,79,2017-11-16 16:44:06.0
311301,4745,5270,79,2017-05-25 17:50:39.0
133874,2730,8038,79,2017-03-01 11:35:30.0
200211,5206,4779,79,2015-09-24 18:35:09.0
139503,4745,10252,79,2017-12-18 22:30:28.0
337349,5762,6826,79,2017-12-19 14:34:19.0
30339,5206,9246,79,2015-04-07 16:17:00.0
8604,4745,10252,79,2017-12-18 22:30:28.0
28063,4745,5270,79,2017-03-06 14:30:37.0
267326,2698,9181,79,2017-11-16 16:44:06.0
8971,7961,5270,79,2016-03-14 16:35:49.0
206929,4745,5270,79,2017-03-06 14:30:46.0
205076,5206,9234,79,2015-02-04 17:52:12.0
36592,2698,4513,79,2015-11-02 11:02:55.0
156684,7961,6825,79,2017-08-30 16:22:28.0