user_id,sku_id,action_time,module_id,type
937922,357022,2018-02-04 08:28:15,8107857,1
937922,73,2018-02-04 08:27:07,8107857,1
937922,29583,2018-02-04 08:26:31,8107857,1
937922,108763,2018-02-04 08:26:10,8107857,1
1369473,331139,2018-02-03 21:55:49,3712240,1
1330642,69016,2018-02-01 12:47:23,1844129,1
1330642,211690,2018-02-01 12:48:50,1844129,1
1330642,322692,2018-02-01 12:48:15,1844129,1
1330642,19643,2018-02-01 12:47:55,1844129,1
411741,320293,2018-03-10 21:20:51,4680176,1
411741,291893,2018-03-10 21:21:08,4680176,1
1552476,319649,2018-03-29 06:27:36,8194740,1
1552476,110244,2018-03-29 06:22:46,8194740,1
1552476,343178,2018-03-29 06:27:16,8194740,1
742645,13795,2018-03-19 23:26:01,10771503,1
742645,50764,2018-03-19 23:27:19,10771503,1
1349460,210131,2018-02-27 14:32:54,4392084,1
1455298,208441,2018-04-11 15:21:43,6190659,1
1455298,334318,2018-04-11 15:14:54,6190659,1
1455298,237755,2018-04-11 15:14:13,6190659,1
1455298,6422,2018-04-11 15:22:25,6190659,1
1455298,268566,2018-04-11 15:14:26,6190659,1
1455298,115915,2018-04-11 15:13:35,6190659,1
1455298,208254,2018-04-11 15:22:16,6190659,1
1455298,177209,2018-04-14 14:09:59,6628254,1
1455298,71793,2018-04-14 14:10:29,6628254,1
1455298,141950,2018-04-12 15:37:53,10207258,1
1455298,97236,2018-04-12 15:46:23,8129309,1
1068082,277346,2018-03-03 23:14:41,6364387,1
67623,314054,2018-03-12 17:29:11,3455782,1
914860,177884,2018-03-04 14:16:53,4186146,1
914860,211134,2018-03-04 14:18:40,4186146,1
914860,298918,2018-03-04 14:20:22,4186146,1
914860,326156,2018-03-03 15:42:44,5422447,1
914860,254818,2018-03-03 15:41:52,5422447,1
1068082,128673,2018-04-13 08:40:11,1449113,1
931145,243514,2018-03-26 10:36:51,2341021,1
931145,321897,2018-03-26 10:41:47,2341021,1
931145,19120,2018-03-26 10:37:31,2341021,1
931145,229189,2018-03-26 10:30:49,2341021,1
931145,168630,2018-03-26 10:38:15,2341021,1
931145,287459,2018-03-26 10:32:52,2341021,1
931145,53531,2018-03-26 10:31:40,2341021,1
931145,199243,2018-03-26 10:35:55,2341021,1
931145,255210,2018-03-26 10:30:16,2341021,1
1030562,161532,2018-02-18 22:20:09,290794,1
48912,241353,2018-03-13 18:05:14,2408273,1
48912,198785,2018-03-13 18:04:06,2408273,1
48912,283695,2018-03-13 18:04:51,2408273,1
48912,330122,2018-03-13 18:01:16,2408273,1
48912,223701,2018-03-13 18:04:31,2408273,1
843174,201651,2018-04-15 07:25:19,3077407,1
188522,245398,2018-02-28 10:13:53,4115259,1
102717,272462,2018-03-18 18:54:45,8017199,1
102717,92989,2018-03-18 18:55:43,8017199,1
102717,167081,2018-03-18 18:59:38,8017199,1
1177411,252529,2018-03-24 05:42:18,6564504,1
669643,194478,2018-04-08 19:24:05,7861652,1
1105549,318390,2018-03-21 14:52:59,10266611,1
1105549,253645,2018-03-21 14:53:37,10266611,1
1105549,10592,2018-03-21 14:55:55,10266611,1
854108,142082,2018-02-27 22:48:10,8246488,1
861709,262378,2018-02-11 12:24:28,10053112,1
125241,158355,2018-02-26 15:55:53,4265977,1
125241,156646,2018-02-26 15:56:15,4265977,1
102717,68275,2018-03-01 16:01:20,3224127,1
914860,35907,2018-02-25 14:54:06,10115485,1
914860,155219,2018-02-25 16:00:06,6518843,1
914860,34820,2018-02-25 15:54:54,6518843,1
914860,275374,2018-02-25 15:56:03,6518843,1
1359480,7737,2018-03-25 13:31:28,6187812,1
780789,194477,2018-03-06 06:02:14,2431464,1
780789,910,2018-03-06 06:26:28,2431464,1
780789,358167,2018-03-06 05:58:00,2431464,1
780789,19643,2018-03-06 05:59:36,2431464,1
1164554,28660,2018-02-01 20:51:22,11253914,1
742645,33865,2018-03-20 21:06:08,7902443,1
742645,248059,2018-03-21 08:09:25,8880819,1
914860,245991,2018-03-01 14:56:30,4800040,1
914860,48661,2018-03-01 14:57:49,4800040,1
1359480,129456,2018-03-18 08:06:48,9296468,1
1359480,133804,2018-04-07 10:01:20,3976607,1
1359480,86536,2018-04-07 10:02:37,3976607,1
931145,92067,2018-04-05 08:52:02,5711637,1
931145,34516,2018-04-05 08:47:07,5711637,1
931145,2890,2018-04-05 08:43:23,5711637,1
931145,313787,2018-04-05 08:51:13,5711637,1
931145,281189,2018-04-05 08:52:47,5711637,1
843174,236680,2018-03-23 01:53:15,9598328,1
1177411,86758,2018-03-03 16:06:25,8652446,1
1177411,221085,2018-02-18 07:58:29,4312641,1
1177411,191329,2018-02-18 07:55:59,4312641,1
1177411,280994,2018-02-18 08:00:02,4312641,1
1177411,11435,2018-02-18 08:04:00,4312641,1
1177411,233176,2018-02-18 08:06:49,4312641,1
1177411,157263,2018-02-18 07:57:01,4312641,1
1105549,160369,2018-03-17 14:10:32,4361756,1
188522,164058,2018-02-24 20:06:51,8581424,1
188522,245398,2018-02-24 20:08:26,8581424,1
188522,2900,2018-02-24 20:03:38,8581424,1
188522,36449,2018-02-24 20:00:07,8581424,1
188522,367878,2018-02-24 20:07:14,8581424,1
742645,98587,2018-04-14 01:24:46,9211611,1
742645,332542,2018-04-14 01:16:58,9211611,1
742645,307512,2018-04-14 01:16:46,9211611,1
742645,125653,2018-04-14 01:28:19,9211611,1
742645,203200,2018-04-14 01:20:59,9211611,1
742645,259719,2018-04-14 01:16:10,9211611,1
742645,66874,2018-04-14 01:20:33,9211611,1
742645,305391,2018-04-14 01:16:40,9211611,1
742645,45448,2018-04-14 01:22:23,9211611,1
742645,54212,2018-04-14 01:37:01,9211611,1
742645,1806,2018-04-14 01:34:37,9211611,1
742645,184775,2018-04-14 01:15:39,9211611,1
742645,58628,2018-04-14 01:14:24,9211611,1
742645,302195,2018-04-14 01:13:40,9211611,1
742645,260296,2018-04-14 01:31:44,9211611,1
742645,191599,2018-04-14 01:19:03,9211611,1
1177411,211864,2018-04-09 06:11:22,4535236,1
1177411,103991,2018-04-09 06:10:12,4535236,1
1177411,331258,2018-04-09 06:11:53,4535236,1
1030562,322658,2018-03-26 14:37:37,10399260,1
443995,354450,2018-02-05 11:09:19,9977889,1
443995,153147,2018-02-05 11:10:15,9977889,1
443995,371722,2018-02-05 11:07:14,9977889,1
443995,317700,2018-02-05 11:06:40,9977889,1
936213,166844,2018-02-20 15:04:44,2893953,1
936213,314665,2018-02-20 15:04:32,2893953,1
936213,52532,2018-02-20 15:05:13,2893953,1
936213,6439,2018-02-20 15:05:08,2893953,1
936213,14462,2018-02-20 15:07:55,2893953,1
48912,16216,2018-03-02 20:28:05,5206629,1
48912,144812,2018-03-02 20:43:59,5206629,1
48912,226071,2018-03-02 20:31:31,5206629,1
48912,271947,2018-03-02 20:30:11,5206629,1
48912,339128,2018-03-02 20:44:28,5206629,1
48912,190989,2018-03-02 20:45:45,5206629,1
48912,369099,2018-03-02 23:04:40,1923113,1
817230,151407,2018-02-22 10:40:38,8812343,1
67623,18908,2018-03-15 20:55:34,11288621,1
1552931,294762,2018-03-21 12:29:07,2567519,1
1552931,194802,2018-03-20 09:31:32,3146889,1
1552931,124378,2018-03-20 09:28:06,3146889,1
1552931,269074,2018-03-20 09:27:26,3146889,1
1552931,118584,2018-03-20 09:32:08,3146889,1
931145,141479,2018-04-03 10:32:39,5339444,1
931145,4164,2018-04-03 10:33:51,5339444,1
931145,338845,2018-04-03 10:29:24,5339444,1
931145,362027,2018-04-03 10:33:20,5339444,1
931145,143320,2018-04-03 10:32:08,5339444,1
931145,101467,2018-04-03 10:30:59,5339444,1
931145,26856,2018-04-03 10:33:02,5339444,1
931145,6374,2018-04-03 10:34:41,5339444,1
1455298,356801,2018-04-06 08:04:49,6016225,1
1455298,105918,2018-04-07 07:10:56,8131293,1
914860,349836,2018-02-15 21:53:16,1849193,1
914860,284958,2018-02-15 21:52:59,1849193,1
914860,197209,2018-02-15 21:49:17,1849193,1
1052539,289298,2018-02-06 18:30:41,1563294,1
1052539,176662,2018-02-06 18:30:00,1563294,1
1068965,326364,2018-04-08 15:50:06,10723624,1
1068965,338831,2018-04-08 15:48:00,10723624,1
1177411,177209,2018-02-09 07:46:44,9751628,1
1177411,177209,2018-02-08 23:43:57,9751628,1
1177411,233176,2018-02-09 16:41:48,7028666,1
1177411,60543,2018-02-09 16:41:30,7028666,1
1177411,246656,2018-02-09 16:42:42,7028666,1
839455,84390,2018-02-06 21:56:11,8826482,1
170514,315381,2018-02-08 21:29:31,5121833,1
170514,277346,2018-02-08 21:28:47,5121833,1
170514,193358,2018-02-08 21:51:15,5121833,1
170514,294129,2018-02-08 21:29:39,5121833,1
1455298,90176,2018-02-05 14:39:48,10190825,1
618819,14151,2018-04-02 20:50:13,1622957,1
922032,269377,2018-02-20 13:57:33,7971440,1
1552931,233176,2018-03-13 13:09:53,10883825,1
1156404,167081,2018-03-29 11:57:47,2798491,1
976695,328360,2018-03-05 08:52:37,10633744,1
395399,34452,2018-03-20 12:21:24,5472028,1
395399,43813,2018-03-20 12:23:12,5472028,1
395399,141632,2018-03-20 10:55:42,5472028,1
931145,84390,2018-02-05 14:55:32,979034,1
931145,123883,2018-02-04 22:40:31,979034,1
931145,308352,2018-02-05 14:54:13,979034,1
931145,357888,2018-03-02 12:29:59,4148773,1
931145,170918,2018-03-02 12:32:53,4148773,1
931145,242030,2018-03-02 12:31:16,4148773,1
931145,253665,2018-03-02 12:30:25,4148773,1
188522,245398,2018-03-15 19:59:44,4663911,1
188522,218726,2018-03-15 20:01:13,4663911,1
188522,245398,2018-03-15 16:13:04,7002614,1
206868,34715,2018-02-27 18:20:29,9937950,1
206868,306814,2018-02-27 18:32:46,9937950,1
206868,318821,2018-02-27 18:15:05,9937950,1
206868,332749,2018-02-27 18:22:12,9937950,1
206868,286480,2018-02-27 18:30:56,9937950,1
206868,277346,2018-02-27 18:31:50,9937950,1
206868,141479,2018-02-27 18:17:59,9937950,1
206868,239820,2018-02-27 18:18:57,9937950,1
206868,366142,2018-02-27 18:23:50,9937950,1
206868,101645,2018-02-27 18:26:20,9937950,1
589043,273441,2018-03-10 14:05:21,5956778,1
589043,338975,2018-03-10 14:05:43,5956778,1
589043,296605,2018-03-10 14:05:31,5956778,1
589043,239738,2018-03-10 14:05:24,5956778,1
1287631,194660,2018-02-05 07:08:30,4394951,1
1287631,286812,2018-02-05 07:06:01,4394951,1
1287631,138167,2018-02-05 07:13:56,4394951,1
1287631,286265,2018-02-05 07:07:35,4394951,1
1287631,81102,2018-02-05 07:13:05,4394951,1
742645,342017,2018-04-02 00:28:18,8874027,1
742645,274932,2018-04-02 00:21:03,8874027,1
742645,87842,2018-04-02 00:36:18,8874027,1
742645,7376,2018-04-02 00:26:56,8874027,1
742645,33865,2018-04-02 00:14:01,8874027,1
742645,149212,2018-04-02 00:21:56,8874027,1
742645,174929,2018-04-02 00:27:21,8874027,1
742645,96194,2018-04-02 00:15:51,8874027,1
742645,272061,2018-04-02 00:22:13,8874027,1
742645,366961,2018-04-02 00:28:06,8874027,1
742645,55293,2018-04-02 00:20:38,8874027,1
742645,308509,2018-04-02 00:26:16,8874027,1
742645,314303,2018-04-02 00:35:28,8874027,1
1455298,171479,2018-04-04 12:02:05,5444557,1
1030562,161532,2018-03-22 13:02:10,4952907,1
1177411,191329,2018-02-05 12:56:58,5389225,1
843174,2890,2018-04-14 01:22:40,2459427,1
1483747,29133,2018-03-22 18:02:04,10749844,1
1483747,306356,2018-03-22 18:02:18,10749844,1
1483747,185768,2018-03-22 17:57:08,10749844,1
1483747,292923,2018-03-22 17:58:58,10749844,1
1349460,347748,2018-03-02 22:23:48,6233857,1
257808,28389,2018-03-01 10:01:16,7984219,1
257808,94852,2018-03-01 10:01:40,7984219,1
257808,296464,2018-03-01 10:01:30,7984219,1
257808,309773,2018-03-01 10:01:04,7984219,1
257808,107248,2018-03-01 10:00:49,7984219,1
1068082,277613,2018-04-11 09:44:23,6380918,1
1068082,254945,2018-04-11 09:45:51,6380918,1
1068082,368096,2018-04-11 08:42:05,6380918,1
1068082,152304,2018-04-11 09:44:11,6380918,1
973840,320936,2018-03-23 18:04:05,8790873,1
1052539,141506,2018-02-20 21:06:56,10647594,1
1262813,233176,2018-03-05 17:00:15,9637539,1
922032,342118,2018-02-14 13:31:38,8102658,1
922032,73007,2018-02-14 13:52:53,8102658,1
922032,342839,2018-02-14 13:29:57,8102658,1
1455298,37487,2018-02-06 11:04:16,4286460,1
1455298,57086,2018-02-11 08:16:30,5167407,1
1455298,144072,2018-02-06 18:01:01,9480585,1
1455298,62120,2018-02-06 18:28:40,230063,1
1455298,22797,2018-02-06 18:29:40,230063,1
1455298,327212,2018-02-06 18:27:53,230063,1
1455298,226970,2018-02-06 18:29:04,230063,1
1455298,168723,2018-02-06 18:29:21,230063,1
202755,326008,2018-03-04 12:34:14,9865219,1
202755,9593,2018-03-05 14:00:12,10752320,1
1165977,283876,2018-03-18 01:06:22,5794878,1
1165977,179708,2018-03-18 01:13:02,5794878,1
1165977,26801,2018-03-18 01:19:19,5794878,1
1165977,61491,2018-03-18 01:18:03,5794878,1
1165977,169109,2018-03-18 01:05:54,5794878,1
817230,321500,2018-02-22 06:54:51,7027963,1
817230,151407,2018-02-22 06:53:50,7027963,1
1165977,85584,2018-04-07 10:45:57,1862995,1
443995,4236,2018-02-08 23:14:40,2386287,1
257808,107248,2018-02-25 23:09:24,8946380,1
257808,309773,2018-02-25 23:07:38,8946380,1
257808,118128,2018-02-25 23:06:05,8946380,1
257808,296464,2018-02-25 23:12:22,8946380,1
257808,367859,2018-02-25 23:09:50,8946380,1
742645,140339,2018-03-25 00:03:48,7605213,1
742645,33865,2018-03-24 23:57:43,7605213,1
742645,133690,2018-03-25 00:07:37,7605213,1
742645,54394,2018-03-25 00:07:05,7605213,1
742645,323129,2018-03-25 00:06:29,7605213,1
742645,7376,2018-03-24 23:58:43,7605213,1
742645,77592,2018-03-25 00:04:47,7605213,1
742645,135543,2018-03-24 23:59:52,7605213,1
742645,12226,2018-03-24 23:58:32,7605213,1
742645,163415,2018-03-25 23:07:01,5772721,1
1131915,337868,2018-03-18 18:57:06,5491561,1
1349460,55333,2018-02-10 23:16:42,10068685,1
1349460,70597,2018-02-10 23:16:58,10068685,1
1349460,43094,2018-02-13 10:52:41,10359811,1
1349460,55333,2018-02-13 06:40:23,10359811,1
1349460,44013,2018-02-17 07:07:27,3105088,1
1349460,44013,2018-02-16 07:04:37,3105088,1
1349460,180894,2018-02-16 07:11:40,3105088,1
1349460,43094,2018-02-16 07:04:44,3105088,1
1349460,43094,2018-02-17 07:07:20,3105088,1
1349460,302374,2018-02-16 23:52:49,3105088,1
936213,75653,2018-03-08 16:05:53,3422251,1
936213,78297,2018-03-08 16:27:40,3422251,1
936213,60548,2018-03-08 16:30:49,3422251,1
936213,328883,2018-03-08 16:34:39,3422251,1
936213,22975,2018-03-08 16:19:45,3422251,1
936213,207119,2018-03-08 16:21:39,3422251,1
936213,101956,2018-03-08 16:31:58,3422251,1
936213,225699,2018-03-08 16:34:27,3422251,1
936213,112931,2018-03-08 16:32:54,3422251,1
936213,34487,2018-03-08 16:30:01,3422251,1
936213,221493,2018-03-08 16:23:21,3422251,1
936213,323613,2018-03-08 16:10:12,3422251,1
936213,71597,2018-03-08 16:19:23,3422251,1
742645,7376,2018-03-31 00:41:19,3562047,1
742645,33865,2018-03-31 00:37:47,3562047,1
742645,366961,2018-03-31 00:38:54,3562047,1
742645,163415,2018-03-31 00:40:31,3562047,1
742645,94069,2018-03-31 00:55:17,3562047,1
1455298,237755,2018-02-25 07:04:23,1774781,1
1455298,20838,2018-02-25 07:02:00,1774781,1
1455298,219550,2018-02-25 07:02:12,1774781,1
1455298,19643,2018-02-25 11:02:30,1774781,1
1455298,196292,2018-02-16 20:00:23,213812,1
1455298,34925,2018-02-16 20:01:54,213812,1
843174,2890,2018-04-12 08:53:43,10842197,1
843174,102559,2018-04-12 08:53:56,10842197,1
843174,2890,2018-04-12 10:21:52,7633755,1
188522,245398,2018-03-08 19:12:07,10903508,1
48912,89980,2018-03-02 18:13:52,2039450,1
48912,361993,2018-03-02 18:11:01,2039450,1
48912,126121,2018-03-02 18:07:33,2039450,1
48912,246872,2018-03-02 18:04:24,2039450,1
48912,282037,2018-03-02 18:09:07,2039450,1
1465052,188611,2018-04-08 20:30:27,3857857,1
1465052,57439,2018-04-08 20:32:24,3857857,1
48912,290418,2018-03-06 15:46:30,5067946,1
48912,190989,2018-03-06 15:36:57,5067946,1
48912,37284,2018-03-06 15:38:51,5067946,1
48912,61344,2018-03-06 15:40:30,5067946,1
125241,156646,2018-03-06 23:08:15,10035309,1
1068082,258258,2018-04-01 13:57:32,3853455,1
1068082,287357,2018-04-01 16:00:32,3853455,1
1068082,70525,2018-04-01 13:57:01,3853455,1
1068082,5924,2018-04-01 13:56:55,3853455,1
1068082,10723,2018-04-01 13:45:11,3853455,1
1068082,370658,2018-04-01 13:56:26,3853455,1
718727,269997,2018-02-06 01:46:56,10342757,1
718727,278022,2018-02-06 02:02:12,10342757,1
718727,199243,2018-02-06 01:45:49,10342757,1
718727,245909,2018-02-06 01:59:26,10342757,1
718727,119682,2018-02-06 02:06:56,10342757,1
718727,96919,2018-02-06 02:07:35,10342757,1
718727,160862,2018-02-06 01:58:53,10342757,1
718727,197823,2018-02-06 02:00:04,10342757,1
718727,240642,2018-02-06 02:10:11,10342757,1
718727,81605,2018-02-06 02:09:41,10342757,1
718727,328864,2018-02-06 02:09:12,10342757,1
973840,59322,2018-03-07 13:55:25,7216776,1
973840,375788,2018-03-07 13:59:17,7216776,1
973840,376185,2018-03-07 13:52:25,7216776,1
973840,108452,2018-03-07 13:51:18,7216776,1
973840,311530,2018-03-07 14:04:27,7216776,1
973840,156161,2018-03-07 13:53:00,7216776,1
973840,223652,2018-03-07 13:57:19,7216776,1
973840,72370,2018-03-07 13:49:19,7216776,1
973840,322520,2018-03-07 14:03:34,7216776,1
973840,307578,2018-03-07 14:00:31,7216776,1
973840,7633,2018-03-07 14:02:08,7216776,1
973840,136744,2018-03-07 13:59:24,7216776,1
973840,76697,2018-03-07 14:01:10,7216776,1
973840,66664,2018-03-07 14:01:39,7216776,1
973840,352937,2018-03-07 13:58:54,7216776,1
973840,119940,2018-03-07 14:49:12,3617478,1
973840,39608,2018-03-07 15:12:51,3617478,1
973840,285917,2018-03-07 14:57:40,3617478,1
973840,103883,2018-03-07 15:19:00,3617478,1
973840,156161,2018-03-07 14:58:28,3617478,1
973840,307578,2018-03-07 14:57:14,3617478,1
973840,159903,2018-03-07 15:21:20,3617478,1
1160627,7389,2018-04-03 22:43:29,5181911,1
1052539,289298,2018-02-01 07:01:03,8138336,1
1052539,135317,2018-02-01 07:03:17,8138336,1
1052539,148959,2018-02-01 07:04:18,8138336,1
1052539,15446,2018-02-12 18:34:38,7108005,1
1068082,264513,2018-03-05 16:13:14,2329159,1
1399451,231517,2018-03-14 00:44:31,4579520,1
1399451,256986,2018-03-14 11:05:46,4579520,1
742645,7376,2018-04-05 12:01:38,2925523,1
742645,165584,2018-04-04 11:32:11,2925523,1
742645,33865,2018-04-04 11:29:21,2925523,1
1557666,118901,2018-02-03 22:04:18,3384239,1
1557666,141640,2018-02-03 22:03:25,3384239,1
1557666,191760,2018-02-03 21:55:37,3384239,1
1557666,240416,2018-02-03 22:46:21,3384239,1
1557666,295329,2018-02-03 22:58:47,3384239,1
1557666,189891,2018-02-03 21:58:37,3384239,1
1557666,206121,2018-02-03 22:50:42,3384239,1
1557666,178597,2018-02-03 22:57:17,3384239,1
1557666,293389,2018-02-03 22:54:10,3384239,1
1557666,196901,2018-02-03 22:57:25,3384239,1
1557666,245241,2018-02-03 22:52:09,3384239,1
1557666,101696,2018-02-03 22:48:03,3384239,1
1557666,327014,2018-02-03 22:43:58,3384239,1
1557666,239634,2018-02-03 22:53:22,3384239,1
1557666,5421,2018-02-03 22:55:31,3384239,1
1156404,354450,2018-03-25 03:09:59,3912192,1
914860,275374,2018-02-27 15:44:17,8142837,1
1455298,115915,2018-03-14 13:00:29,8940283,1
1455298,208652,2018-03-14 13:00:57,8940283,1
1455298,370628,2018-03-11 07:39:42,2617457,1
246245,127370,2018-03-31 14:34:48,5936091,1
980648,322715,2018-02-15 22:01:02,6473061,1
650428,224459,2018-04-11 19:05:22,8613861,1
1507873,207562,2018-03-02 23:35:00,1800195,1
1103962,261893,2018-04-11 14:44:24,8776751,1
1103962,37707,2018-04-11 13:29:53,8776751,1
1103962,180945,2018-02-12 16:55:40,217053,1
1103962,233420,2018-02-12 16:52:45,217053,1
1103962,156189,2018-02-12 17:02:46,217053,1
1549538,212015,2018-02-05 10:11:49,9073357,1
1549538,332691,2018-02-05 10:11:00,9073357,1
1549538,286862,2018-02-19 00:17:08,9073357,1
1549538,72743,2018-02-05 09:16:55,10639401,1
1549538,46096,2018-02-05 09:13:52,10639401,1
1549538,286862,2018-02-12 00:35:29,10639401,1
1549538,286862,2018-03-04 05:24:34,10639401,1
1549538,210617,2018-02-18 08:51:24,10639401,1
1549538,238828,2018-02-05 09:14:15,10639401,1
1549538,212015,2018-03-11 09:56:18,10639401,1
1549538,212015,2018-03-04 05:23:57,10639401,1
1549538,332691,2018-02-05 09:15:54,10639401,1
1549538,200716,2018-02-05 09:17:39,10639401,1
1549538,332691,2018-03-04 05:25:30,10639401,1
1549538,200716,2018-03-04 05:25:40,10639401,1
1549538,306112,2018-02-18 08:52:33,10639401,1
1549538,128303,2018-02-18 08:54:11,10639401,1
202027,273174,2018-03-22 22:22:49,6438692,1
202027,171274,2018-03-22 22:28:33,6438692,1
202027,56844,2018-03-22 22:21:50,6438692,1
202027,86840,2018-03-12 16:31:03,2059998,1
202027,171150,2018-04-10 08:54:38,977875,1
202027,101876,2018-03-14 20:06:50,8844496,1
202027,12221,2018-03-14 20:07:46,8844496,1
202027,40187,2018-02-17 21:36:21,5125584,1
202027,296477,2018-02-17 21:38:40,5125584,1
202027,365158,2018-02-17 21:34:29,5125584,1
202027,320293,2018-02-17 21:37:50,5125584,1
202027,182293,2018-02-17 21:38:10,5125584,1
202027,374361,2018-02-17 21:36:08,5125584,1
202027,164334,2018-02-17 21:33:17,5125584,1
202027,244329,2018-02-17 21:37:57,5125584,1
202027,335844,2018-02-17 21:36:45,5125584,1
202027,57440,2018-02-17 21:35:11,5125584,1
202027,366231,2018-02-17 21:35:33,5125584,1
202027,76417,2018-02-17 21:36:59,5125584,1
202027,194140,2018-02-17 21:37:45,5125584,1
202027,14772,2018-02-17 21:37:39,5125584,1
202027,339377,2018-02-17 21:35:22,5125584,1
202027,258936,2018-03-18 17:59:54,10229455,1
202027,161509,2018-03-18 18:02:57,10229455,1
202027,249070,2018-04-10 18:38:25,11030619,1
202027,249070,2018-04-11 12:27:54,10347956,1
202027,288704,2018-04-03 12:26:18,6726698,1
202027,197209,2018-02-25 20:30:17,2538024,1
202027,372821,2018-04-13 08:06:31,7408845,1
202027,153599,2018-02-06 00:02:36,3494846,1
202027,345359,2018-03-05 14:19:10,285228,1
934149,37382,2018-03-11 20:58:03,11344754,1
934149,149417,2018-03-11 20:59:03,11344754,1
934149,38722,2018-04-15 19:25:24,8220445,1
934149,181268,2018-03-01 01:04:22,8231390,1
934149,345336,2018-03-01 00:42:32,8231390,1
934149,275084,2018-03-01 00:51:56,8231390,1
934149,95393,2018-03-01 00:59:47,8231390,1
1514378,119678,2018-03-18 23:37:02,10039020,1
1514378,238859,2018-03-18 23:37:44,10039020,1
1514378,175025,2018-03-18 23:37:23,10039020,1
1514378,121933,2018-03-18 23:38:21,10039020,1
1514378,30876,2018-03-18 23:40:17,10039020,1
1514378,71670,2018-02-04 17:19:57,9443734,1
1514378,94730,2018-02-04 17:20:57,9443734,1
487865,152435,2018-02-08 00:44:18,9466273,1
487865,227938,2018-02-08 01:10:44,9466273,1
487865,169314,2018-02-08 01:11:20,9466273,1
487865,19937,2018-02-08 01:06:22,9466273,1
487865,244820,2018-02-08 01:11:09,9466273,1
487865,357682,2018-02-08 01:10:21,9466273,1
487865,361408,2018-02-08 01:10:11,9466273,1
487865,278498,2018-02-08 00:51:25,9466273,1
487865,324510,2018-02-08 01:12:02,9466273,1
487865,31316,2018-02-08 01:09:38,9466273,1
487865,187919,2018-02-08 00:45:36,9466273,1
1273783,70315,2018-03-02 20:51:57,6714810,1
1273783,160395,2018-03-02 20:51:19,6714810,1
1273783,133966,2018-03-08 10:37:39,9316670,1
1273783,146392,2018-03-11 20:21:49,3619150,1
1273783,25171,2018-02-16 19:31:59,4352392,1
1273783,350372,2018-02-16 19:32:22,4352392,1
423957,361132,2018-02-27 06:49:54,2654567,1
423957,258780,2018-03-09 00:39:32,5825600,1
423957,258780,2018-03-08 22:09:43,5825600,1
735392,173020,2018-02-06 20:24:41,9434940,1
735392,302837,2018-02-06 20:22:13,9434940,1
735392,211267,2018-02-06 20:26:12,9434940,1
735392,45781,2018-02-06 20:24:49,9434940,1
735392,60951,2018-02-06 20:22:33,9434940,1
735392,4559,2018-02-06 20:25:55,9434940,1
735392,363825,2018-02-06 20:26:00,9434940,1
735392,292994,2018-02-06 20:21:59,9434940,1
735392,358464,2018-02-06 20:23:49,9434940,1
735392,81074,2018-02-06 20:21:22,9434940,1
1487832,157553,2018-03-16 00:17:00,3273884,1
1487832,231379,2018-02-01 16:52:51,4978562,1
1487832,176678,2018-02-01 17:32:59,4978562,1
1487832,303212,2018-02-01 17:32:48,4978562,1
1487832,153599,2018-02-02 15:51:04,736812,1
1487832,153314,2018-02-02 15:50:24,736812,1
1487832,278022,2018-02-02 15:50:16,736812,1
1487832,108621,2018-02-06 09:00:49,342723,1
1487832,142280,2018-02-06 08:42:07,342723,1
1487832,179401,2018-02-06 08:11:19,342723,1
1487832,125132,2018-02-06 08:43:10,342723,1
1487832,153371,2018-02-06 08:09:08,342723,1
1487832,35481,2018-02-06 08:41:39,342723,1
1487832,26595,2018-02-06 08:59:32,342723,1
1487832,153314,2018-02-06 08:33:03,342723,1
1487832,10267,2018-02-06 08:53:12,342723,1
1487832,227511,2018-02-06 08:50:47,342723,1
1487832,265496,2018-02-06 08:24:59,342723,1
1487832,273921,2018-02-06 08:29:42,342723,1
1487832,142304,2018-02-06 08:23:45,342723,1
1487832,297787,2018-02-06 08:58:41,342723,1
1487832,231379,2018-02-06 08:06:37,342723,1
1487832,135644,2018-02-06 08:15:26,342723,1
1487832,194428,2018-02-06 08:59:40,342723,1
1487832,135644,2018-02-07 06:16:39,7416229,1
1487832,303212,2018-02-07 06:16:26,7416229,1
1487832,267015,2018-02-07 06:19:35,7416229,1
1487832,265496,2018-02-07 06:12:27,7416229,1
1487832,265496,2018-02-08 08:05:43,10398132,1
1487832,278022,2018-02-08 07:55:54,10398132,1
1487832,10267,2018-02-08 07:56:21,10398132,1
1487832,153314,2018-02-08 07:56:04,10398132,1
1487832,231379,2018-02-08 08:03:04,10398132,1
1487832,241168,2018-02-08 08:05:19,10398132,1
1487832,241168,2018-02-10 22:11:14,2614817,1
1487832,335104,2018-02-10 22:10:33,2614817,1
1487832,265808,2018-02-10 21:39:52,2614817,1
1487832,303212,2018-02-10 22:06:17,2614817,1
1487832,140215,2018-02-10 21:54:05,2614817,1
1487832,206553,2018-02-10 22:07:02,2614817,1
1487832,59912,2018-02-10 22:10:14,2614817,1
1487832,151190,2018-02-10 22:13:02,2614817,1
1487832,267015,2018-02-10 22:11:37,2614817,1
1487832,121564,2018-02-10 21:45:22,2614817,1
1487832,350186,2018-02-10 22:12:31,2614817,1
1487832,26595,2018-02-10 22:07:53,2614817,1
1487832,324519,2018-02-10 22:11:25,2614817,1
1487832,205814,2018-02-12 21:31:13,4852570,1
1487832,47238,2018-04-06 06:41:06,5269711,1
1493145,154624,2018-03-04 21:39:44,1389225,1
195650,308852,2018-02-01 11:56:42,3462015,1
195650,337449,2018-02-01 11:57:07,3462015,1
195650,142054,2018-02-01 11:56:24,3462015,1
195650,357697,2018-02-01 11:57:22,3462015,1
195650,142054,2018-02-09 20:50:53,1638299,1
195650,308852,2018-02-09 20:50:45,1638299,1
195650,218771,2018-02-09 20:50:48,1638299,1
195650,52228,2018-02-09 20:51:41,1638299,1
574519,270741,2018-03-23 23:45:14,9439145,1
574519,5428,2018-03-23 23:42:42,9439145,1
574519,356813,2018-03-23 23:43:12,9439145,1
574519,285942,2018-03-23 23:45:28,9439145,1
422652,7904,2018-03-19 00:36:46,2150486,1
422652,357058,2018-03-19 01:13:12,2150486,1
422652,232448,2018-03-19 00:32:06,2150486,1
422652,264351,2018-03-19 00:32:29,2150486,1
422652,351979,2018-03-19 00:42:12,2150486,1
422652,158292,2018-03-19 00:41:00,2150486,1
422652,204146,2018-03-19 00:42:36,2150486,1
422652,14360,2018-03-19 00:30:20,2150486,1
422652,25204,2018-03-19 00:39:12,2150486,1
422652,130756,2018-04-14 07:57:17,1234895,1
871100,248051,2018-02-10 11:33:38,10144431,1
1419317,230459,2018-03-29 16:02:37,4621006,1
1419317,174925,2018-03-29 15:59:59,4621006,1
1419317,142188,2018-03-29 13:19:20,4621006,1
1419317,289214,2018-03-29 13:21:20,4621006,1
889972,20216,2018-02-08 08:18:48,9253260,1
889972,163567,2018-02-08 08:03:28,9253260,1
889972,28822,2018-02-08 08:35:41,9253260,1
889972,158002,2018-02-08 08:29:19,9253260,1
889972,226007,2018-02-08 08:30:35,9253260,1
889972,84768,2018-02-08 08:05:19,9253260,1
889972,230800,2018-02-08 08:06:19,9253260,1
889972,315119,2018-02-08 07:57:41,9253260,1
889972,365675,2018-02-08 08:02:52,9253260,1
889972,141983,2018-02-08 08:28:27,9253260,1
889972,113372,2018-02-08 08:01:06,9253260,1
707957,166489,2018-04-04 21:43:31,3493630,1
1269900,107331,2018-03-17 17:30:18,8687946,1
1213566,82968,2018-02-24 10:03:09,10225700,1
1213566,197288,2018-02-24 10:02:46,10225700,1
1213566,141415,2018-04-08 17:57:30,6783902,1
1213566,329011,2018-04-08 17:56:06,6783902,1
1213566,329011,2018-04-08 17:56:23,6783902,1
1093882,11,2018-02-04 01:36:27,7774014,1
1093882,178056,2018-02-04 01:34:44,7774014,1
1093882,339554,2018-02-04 01:36:50,7774014,1
1093882,164700,2018-02-04 01:34:22,7774014,1
1093882,62290,2018-02-04 01:33:57,7774014,1
1093882,175513,2018-02-04 01:36:15,7774014,1
1093882,175513,2018-02-04 22:41:31,9573058,1
1093882,62290,2018-02-04 22:41:13,9573058,1
1093882,11,2018-02-14 00:42:38,1428695,1
1039118,222817,2018-02-05 22:18:18,7817444,1
35916,71546,2018-03-02 07:51:12,8626099,1
1516193,61239,2018-03-20 23:34:30,4871959,1
1516193,61239,2018-03-20 23:32:33,4871959,1
173625,347018,2018-04-04 09:13:02,2106135,1
173625,41227,2018-04-04 09:12:14,2106135,1
173625,170390,2018-04-04 09:12:40,2106135,1
868660,242335,2018-02-28 09:24:19,2106135,1
173625,134008,2018-04-04 09:09:40,2106135,1
173625,51324,2018-04-04 09:07:08,2106135,1
173625,29969,2018-04-04 09:16:14,2106135,1
665678,57121,2018-02-04 18:58:10,9627542,1
665678,251039,2018-02-04 18:49:46,9627542,1
665678,342839,2018-02-04 18:21:45,9627542,1
665678,376630,2018-02-04 18:18:53,9627542,1
665678,233166,2018-02-04 18:20:13,9627542,1
868660,189945,2018-02-28 11:19:56,7446427,1
1516193,29965,2018-03-08 14:33:59,693021,1
665678,57121,2018-02-06 07:15:52,693021,1
173625,288589,2018-02-28 19:11:18,693021,1
665678,11906,2018-02-08 16:24:52,1623663,1
665678,346102,2018-02-08 16:26:08,1623663,1
665678,342839,2018-02-08 16:32:47,1623663,1
665678,349836,2018-02-08 16:21:11,1623663,1
665678,81635,2018-02-08 16:33:59,1623663,1
665678,231591,2018-02-08 16:28:44,1623663,1
665678,289298,2018-02-08 16:22:34,1623663,1
665678,81635,2018-02-11 12:00:48,6045843,1
1365946,139695,2018-03-20 18:54:51,9482017,1
977997,73599,2018-03-11 15:37:58,9482017,1
868660,107844,2018-02-18 17:55:36,9482017,1
868660,340270,2018-02-18 17:50:19,9482017,1
977997,267157,2018-03-11 15:40:06,9482017,1
977997,233420,2018-03-11 15:39:16,9482017,1
977997,233042,2018-03-11 15:40:57,9482017,1
977997,166271,2018-03-23 11:35:16,8026310,1
868660,70318,2018-02-08 14:17:40,1548474,1
665678,81635,2018-02-12 11:45:47,1548474,1
868660,95400,2018-02-08 14:19:56,1548474,1
665678,174867,2018-02-13 13:52:15,5493658,1
868660,107844,2018-02-08 14:25:57,5493658,1
868660,352247,2018-02-22 14:14:09,2110440,1
868660,115872,2018-02-22 14:11:41,2110440,1
868660,208710,2018-02-22 14:16:05,2110440,1
868660,242335,2018-02-22 14:17:52,2110440,1
665678,123833,2018-02-15 20:14:12,1386118,1
868660,115872,2018-02-22 20:47:14,1386118,1
1516193,7169,2018-03-17 03:19:06,2105553,1
1516193,297591,2018-03-17 03:19:44,2105553,1
1516193,374293,2018-03-17 03:18:11,2105553,1
1415729,145096,2018-02-11 17:38:24,3190613,1
1116958,338619,2018-03-02 16:43:29,4101031,1
1116958,245031,2018-03-02 16:44:48,4101031,1
1116958,201691,2018-03-02 16:42:56,4101031,1
1116958,9567,2018-03-02 16:43:07,4101031,1
1116958,10182,2018-03-26 00:08:38,161227,1
1116958,37430,2018-03-26 00:08:25,161227,1
1116958,183895,2018-03-26 00:09:03,161227,1
1116958,61908,2018-04-01 08:20:04,6374053,1
1116958,219334,2018-04-01 08:21:05,6374053,1
183803,283203,2018-02-25 15:42:02,8695925,1
183803,36466,2018-02-25 15:44:30,8695925,1
183803,312167,2018-02-25 17:27:21,8695925,1
183803,232488,2018-02-25 15:46:55,8695925,1
183803,260554,2018-02-25 16:01:58,8695925,1
108134,53748,2018-02-07 10:53:20,9867744,1
108134,327151,2018-02-07 10:53:14,9867744,1
108134,358444,2018-02-03 12:34:44,915527,1
1405611,327151,2018-02-02 01:54:38,10450727,1
1405611,51642,2018-02-02 01:55:48,10450727,1
1223015,236269,2018-04-12 15:24:19,6825227,1
1329582,126901,2018-03-20 09:25:34,6001781,1
575102,9941,2018-04-05 16:12:34,3311829,1
1001126,312433,2018-04-05 12:09:23,1228271,1
1001126,206546,2018-04-05 12:12:34,1228271,1
1001126,149321,2018-04-05 12:07:23,1228271,1
1001126,61657,2018-04-05 12:28:14,1228271,1
1001126,208364,2018-04-05 12:19:14,1228271,1
1001126,164815,2018-04-05 12:07:11,1228271,1
1001126,47476,2018-03-06 10:56:02,5175692,1
1512846,86817,2018-02-23 08:19:17,4755380,1
1512846,107335,2018-02-23 08:18:29,4755380,1
1512846,259014,2018-03-07 06:18:52,2460288,1
1178563,255377,2018-04-06 08:11:22,6384534,1
1178563,219475,2018-04-06 08:10:47,6384534,1
1178563,370756,2018-04-08 08:11:37,7018032,1
1178563,121155,2018-04-08 08:12:38,7018032,1
1178563,349836,2018-03-17 10:32:47,928000,1
103135,32767,2018-02-03 15:42:45,3605174,1
103135,326002,2018-02-03 15:49:10,3605174,1
103135,289885,2018-02-03 15:49:06,3605174,1
103135,262231,2018-02-03 15:46:46,3605174,1
103135,246827,2018-02-03 15:44:39,3605174,1
103135,115920,2018-02-03 15:47:27,3605174,1
1090577,25107,2018-03-31 22:20:27,10940753,1
1090577,223861,2018-02-20 07:45:09,10940753,1
1090577,116375,2018-02-20 07:47:56,10940753,1
1090577,340204,2018-02-20 09:06:49,10594744,1
1090577,223861,2018-02-20 09:09:45,10594744,1
1090577,154470,2018-02-20 09:08:03,10594744,1
1090577,20560,2018-02-20 09:08:39,10594744,1
1090577,175024,2018-02-20 10:17:14,5781730,1
1090577,116375,2018-02-20 10:17:57,5781730,1
1090577,237737,2018-02-20 09:59:13,5781730,1
1090577,235792,2018-02-20 10:17:44,5781730,1
1090577,66543,2018-02-20 10:01:10,5781730,1
1090577,119458,2018-02-15 07:24:20,9881541,1
1090577,113372,2018-02-15 07:27:50,9881541,1
1090577,223861,2018-02-15 07:19:07,9881541,1
1090577,86655,2018-02-15 08:58:06,10116320,1
1090577,20560,2018-02-15 09:04:03,10116320,1
1090577,116375,2018-02-15 09:05:01,10116320,1
1090577,25107,2018-02-17 07:44:41,5619081,1
1227666,157553,2018-02-09 12:08:07,8402569,1
722858,291144,2018-03-21 06:32:37,8318841,1
722858,304349,2018-03-26 11:16:46,8581584,1
722858,67933,2018-03-26 10:25:45,8581584,1
722858,345603,2018-02-05 18:40:24,344899,1
722858,234439,2018-02-05 18:55:33,344899,1
722858,45605,2018-02-05 18:40:36,344899,1
722858,98770,2018-02-05 18:53:44,344899,1
722858,344549,2018-02-05 18:55:18,344899,1
722858,122360,2018-02-05 18:58:52,344899,1
722858,294122,2018-02-05 18:57:31,344899,1
722858,139102,2018-02-05 18:56:55,344899,1
722858,324668,2018-02-05 18:57:51,344899,1
722858,4060,2018-02-05 18:41:55,344899,1
722858,319924,2018-02-05 18:45:36,344899,1
722858,33747,2018-02-05 18:39:48,344899,1
722858,227880,2018-02-05 18:47:32,344899,1
722858,161701,2018-02-05 18:52:11,344899,1
722858,184919,2018-02-05 18:46:38,344899,1
722858,67933,2018-04-12 21:59:06,10889037,1
722858,67933,2018-03-26 06:21:09,1989195,1
722858,291144,2018-03-26 06:19:52,1989195,1
722858,4385,2018-03-26 06:19:42,1989195,1
722858,41502,2018-03-26 06:19:28,1989195,1
722858,4385,2018-04-02 13:30:18,5484936,1
722858,41502,2018-04-03 06:33:09,8467551,1
722858,67933,2018-04-03 06:33:59,8467551,1
722858,4385,2018-04-03 06:33:30,8467551,1
722858,304349,2018-04-03 06:33:00,8467551,1
722858,291144,2018-04-03 06:33:37,8467551,1
722858,131774,2018-02-22 19:34:53,3620753,1
722858,345794,2018-02-22 19:31:33,3620753,1
722858,71691,2018-02-22 19:26:59,3620753,1
722858,8788,2018-02-23 11:45:23,9606870,1
722858,324668,2018-02-23 21:25:30,1798763,1
722858,372855,2018-02-23 21:50:28,1798763,1
722858,82536,2018-02-23 21:48:33,1798763,1
722858,146009,2018-02-23 21:41:32,1798763,1
722858,109937,2018-02-23 21:49:44,1798763,1
722858,110276,2018-02-23 21:38:40,1798763,1
722858,311402,2018-02-23 21:24:44,1798763,1
722858,209412,2018-02-23 21:35:51,1798763,1
722858,29382,2018-02-23 21:41:01,1798763,1
722858,67933,2018-04-14 08:49:30,9419984,1
722858,67933,2018-03-13 06:29:14,6724420,1
1548394,297342,2018-02-14 20:00:30,8507713,1
1548394,91010,2018-03-17 07:32:33,3272480,1
1548394,157222,2018-03-17 07:25:45,3272480,1
1250501,90966,2018-03-23 21:40:40,10840310,1
1106555,327233,2018-04-05 08:16:03,2193197,1
1106555,308552,2018-03-15 23:53:46,2177431,1
1106555,248051,2018-03-15 23:50:30,2177431,1
1106555,248051,2018-03-18 23:28:31,7383964,1
1106555,20533,2018-02-26 23:14:20,591679,1
1106555,363472,2018-02-17 19:00:37,7792414,1
1106555,272047,2018-03-25 07:43:07,9133180,1
1106555,172530,2018-02-18 10:17:22,4407209,1
124939,359368,2018-03-22 00:01:18,5680723,1
124939,197574,2018-03-21 23:41:00,5680723,1
124939,149987,2018-03-21 23:41:23,5680723,1
124939,120275,2018-03-21 23:51:28,5680723,1
124939,191899,2018-03-21 10:05:48,5680723,1
124939,349492,2018-03-22 00:05:07,5680723,1
124939,176401,2018-03-22 08:54:40,5680723,1
124939,357798,2018-03-21 23:45:41,5680723,1
124939,291968,2018-03-21 23:36:34,5680723,1
124939,28940,2018-03-21 23:54:12,5680723,1
124939,28940,2018-03-21 23:59:38,5680723,1
124939,342500,2018-03-21 23:38:02,5680723,1
124939,268106,2018-03-21 13:41:53,5680723,1
124939,28420,2018-03-31 00:44:16,10818895,1
124939,257150,2018-03-31 00:44:26,10818895,1
124939,224207,2018-03-31 00:42:47,10818895,1
124939,69107,2018-03-31 00:41:02,10818895,1
124939,349492,2018-03-31 00:40:17,10818895,1
124939,153700,2018-03-31 00:41:23,10818895,1
122713,371014,2018-03-08 10:30:54,10128865,1
122713,10182,2018-03-08 10:33:35,10128865,1
100855,227113,2018-02-20 17:33:09,8063025,1
100855,330624,2018-02-21 15:22:57,8763036,1
100855,298319,2018-02-03 08:09:08,5268579,1
100855,98560,2018-02-03 08:07:22,5268579,1
100855,91902,2018-02-02 22:54:33,5268579,1
100855,91902,2018-02-03 08:01:52,5268579,1
100855,363234,2018-02-03 08:06:19,5268579,1
100855,51453,2018-02-03 08:06:58,5268579,1
100855,291129,2018-02-02 22:56:22,5268579,1
100855,63461,2018-02-03 08:07:54,5268579,1
100855,174868,2018-02-03 08:10:05,5268579,1
100855,242143,2018-02-13 14:13:47,2793037,1
100855,345430,2018-02-13 14:11:29,2793037,1
100855,227113,2018-02-20 19:56:56,9130744,1
100855,141494,2018-03-21 12:18:41,5572906,1
1338404,160395,2018-03-08 09:09:08,8414011,1
1338404,215329,2018-03-12 08:18:43,8414011,1
1338404,352849,2018-03-08 08:54:59,8414011,1
1338404,294557,2018-03-14 23:49:40,8414011,1
1338404,205883,2018-03-14 23:29:21,8414011,1
1338404,105868,2018-03-14 23:24:36,8414011,1
1338404,89130,2018-03-14 23:20:18,8414011,1
1338404,243468,2018-03-14 23:52:47,8414011,1
1338404,216556,2018-03-12 07:19:18,8414011,1
1338404,75655,2018-03-12 07:14:59,8414011,1
1338404,75655,2018-03-14 23:22:27,8414011,1
1338404,84079,2018-02-22 00:21:35,8414011,1
1338404,222817,2018-03-15 02:23:08,8414011,1
1338404,222817,2018-03-14 23:54:59,8414011,1
1038616,361132,2018-03-04 20:17:51,6241950,1
1038616,196063,2018-03-04 19:43:34,6241950,1
1038616,22164,2018-03-04 20:14:36,6241950,1
1038616,196063,2018-03-07 12:36:32,2518737,1
235596,23992,2018-02-01 15:05:42,1123542,1
235596,335231,2018-02-01 15:05:08,1123542,1
235596,121770,2018-02-01 14:52:21,1123542,1
1307067,56637,2018-03-14 21:02:23,7357954,1
1307067,93704,2018-03-23 08:26:07,7357954,1
1307067,93313,2018-03-16 05:25:53,10934133,1
1307067,56637,2018-03-16 05:26:12,10934133,1
1307067,79744,2018-03-23 22:35:03,6806170,1
1307067,219388,2018-02-02 05:36:02,3893784,1
1307067,367951,2018-02-02 05:36:21,3893784,1
1307067,93704,2018-03-29 12:22:19,4139359,1
1307067,86843,2018-03-29 12:21:34,4139359,1
1307067,218419,2018-03-30 17:24:32,346170,1
1307067,93704,2018-03-30 17:24:11,346170,1
1307067,337682,2018-03-31 14:02:29,8520912,1
1307067,138491,2018-02-12 10:36:22,2485113,1
1307067,193172,2018-04-03 20:58:28,5270029,1
1307067,112195,2018-04-04 19:06:58,1549816,1
1307067,152649,2018-04-04 19:06:42,1549816,1
1307067,137938,2018-04-09 13:42:32,6476617,1
1307067,374502,2018-04-11 11:18:58,4545351,1
1307067,130253,2018-04-11 11:19:16,4545351,1
1307067,79837,2018-04-12 11:51:41,4440499,1
1307067,116129,2018-04-12 11:51:17,4440499,1
1307067,56637,2018-03-19 18:00:58,11133432,1
1307067,358773,2018-03-12 22:46:02,8909357,1
1307067,86843,2018-03-12 22:40:43,8909357,1
1029663,359973,2018-03-21 16:03:08,9991369,1
104977,16216,2018-04-14 18:43:07,5151885,1
241910,313668,2018-03-09 19:19:25,6358487,1
241910,241356,2018-02-02 20:10:03,1961967,1
241910,354186,2018-02-17 13:16:22,9923330,1
241910,313668,2018-02-26 21:26:21,4738589,1
1536413,332840,2018-03-24 13:00:48,5132018,1
1536413,143320,2018-03-29 12:14:20,1742239,1
1536413,58826,2018-03-29 12:33:01,1742239,1
1536413,332840,2018-03-29 12:29:28,1742239,1
1536413,240172,2018-03-29 12:34:19,1742239,1
1536413,304403,2018-03-29 12:32:20,1742239,1
1536413,338845,2018-03-29 12:13:29,1742239,1
1536413,18295,2018-03-29 12:30:44,1742239,1
1536413,124282,2018-02-09 15:06:40,4025547,1
1536413,38520,2018-02-09 15:04:30,4025547,1
1536413,361132,2018-04-06 08:10:50,6391389,1
1536413,332840,2018-04-10 21:59:02,9738588,1
1536413,332840,2018-03-22 00:16:57,6834131,1
1536413,361132,2018-03-22 08:43:06,5584645,1
1536413,332840,2018-03-22 08:00:36,5584645,1
1536413,93715,2018-03-20 08:54:15,5720351,1
1536413,332840,2018-03-22 14:37:24,781356,1
690094,138167,2018-03-30 09:25:08,10011062,1
690094,108475,2018-03-30 09:06:40,10011062,1
690094,108364,2018-03-30 09:10:05,10011062,1
690094,98625,2018-03-30 09:32:44,10011062,1
690094,352307,2018-03-30 09:22:24,10011062,1
690094,354714,2018-03-30 09:18:00,10011062,1
690094,138751,2018-03-30 09:08:36,10011062,1
690094,221249,2018-03-30 09:09:04,10011062,1
690094,367162,2018-03-30 09:30:22,10011062,1
690094,23298,2018-03-30 09:08:14,10011062,1
690094,285968,2018-03-30 09:26:25,10011062,1
690094,132994,2018-03-30 09:23:14,10011062,1
690094,107331,2018-03-30 09:06:10,10011062,1
690094,265808,2018-03-30 09:07:26,10011062,1
690094,58826,2018-03-30 09:18:52,10011062,1
690094,134596,2018-03-30 09:24:37,10011062,1
1424979,300699,2018-02-02 19:59:45,4083708,1
272324,338589,2018-04-06 16:39:52,8812314,1
272324,269181,2018-04-06 16:38:58,8812314,1
272324,240006,2018-04-06 16:39:27,8812314,1
272324,338589,2018-04-10 12:34:11,530631,1
1357426,208782,2018-03-22 13:11:40,2025679,1
1357426,124243,2018-03-22 13:12:23,2025679,1
1357426,100207,2018-03-22 13:11:47,2025679,1
1357426,281822,2018-03-22 13:11:52,2025679,1
1357426,164096,2018-02-02 10:54:18,4714697,1
373059,17126,2018-02-10 18:54:01,5205909,1
469668,204151,2018-04-08 04:17:10,5185100,1
469668,222817,2018-04-08 04:16:09,5185100,1
469668,161067,2018-04-08 04:16:39,5185100,1
644731,112439,2018-03-19 12:09:37,6783313,1
644731,162899,2018-03-19 12:09:22,6783313,1
644731,13963,2018-03-23 15:13:59,10573010,1
1454613,129462,2018-02-25 08:20:10,1898016,1
1454613,148748,2018-02-25 08:23:02,1898016,1
1454613,36871,2018-02-25 08:01:05,1898016,1
1454613,369642,2018-02-25 07:56:55,1898016,1
1454613,306447,2018-02-25 07:58:18,1898016,1
1454613,93536,2018-02-25 07:55:11,1898016,1
1454613,90401,2018-02-25 07:56:24,1898016,1
1454613,87578,2018-03-13 19:25:14,7552310,1
1454613,83885,2018-03-13 19:23:51,7552310,1
1454613,376437,2018-03-13 19:29:56,7552310,1
1454613,231971,2018-03-13 19:19:42,7552310,1
1454613,231971,2018-03-14 20:10:48,6532748,1
1454613,146434,2018-03-14 20:11:11,6532748,1
1454613,102146,2018-03-22 19:19:58,10918988,1
1454613,236732,2018-03-24 15:09:11,1668456,1
584756,352752,2018-03-29 11:45:45,8787208,1
584756,27223,2018-03-29 11:48:07,8787208,1
584756,82537,2018-03-29 11:54:37,8787208,1
584756,23329,2018-03-29 11:45:35,8787208,1
584756,183298,2018-03-29 12:56:51,8787208,1
584756,352752,2018-04-02 09:02:15,7795941,1
584756,205883,2018-02-27 19:15:15,8213507,1
753965,108226,2018-04-04 08:28:33,590076,1
1415933,142232,2018-02-28 09:36:15,2837700,1
1415933,198183,2018-02-28 09:38:33,2837700,1
1415933,151548,2018-02-28 09:35:40,2837700,1
1415933,93309,2018-02-28 09:40:29,2837700,1
1415933,349143,2018-02-28 09:35:18,2837700,1
1415933,297635,2018-02-20 22:43:03,2837700,1
1415933,323661,2018-02-28 09:40:46,2837700,1
1415933,356038,2018-02-23 17:27:33,2837700,1
1415933,167722,2018-02-28 09:43:34,2837700,1
1415933,372399,2018-03-23 16:08:54,6246878,1
1415933,304569,2018-03-23 16:10:47,6246878,1
1415933,270490,2018-03-23 16:12:00,6246878,1
1415933,132819,2018-03-24 07:07:31,4213961,1
1415933,184372,2018-03-10 13:12:00,7579082,1
1415933,169326,2018-03-10 13:17:29,7579082,1
1415933,344008,2018-04-06 10:53:11,7579082,1
1415933,253488,2018-03-01 09:15:27,763208,1
1415933,198183,2018-03-01 09:17:56,763208,1
1415933,253679,2018-03-01 09:17:18,763208,1
1415933,346438,2018-03-01 09:15:48,763208,1
471860,143323,2018-02-22 15:46:29,9602253,1
471860,26599,2018-03-10 15:45:13,10405499,1
471860,343840,2018-03-10 15:47:50,10405499,1
471860,58148,2018-03-10 15:46:34,10405499,1
471860,165425,2018-03-10 15:48:15,10405499,1
977157,199066,2018-03-29 16:39:12,4882133,1
977157,157860,2018-03-29 16:38:34,4882133,1
977157,333206,2018-03-29 16:38:19,4882133,1
977157,90966,2018-03-29 16:36:21,4882133,1
977157,252201,2018-03-29 16:36:15,4882133,1
977157,320708,2018-03-29 16:37:44,4882133,1
977157,210838,2018-03-29 16:38:12,4882133,1
977157,58148,2018-03-29 16:37:19,4882133,1
977157,352075,2018-03-29 16:39:40,4882133,1
977157,266672,2018-03-29 16:39:26,4882133,1
977157,125374,2018-03-29 16:37:16,4882133,1
977157,21319,2018-03-20 14:49:52,11222710,1
870421,120933,2018-02-02 06:17:00,578702,1
870421,229433,2018-02-23 09:16:37,11095273,1
870421,91272,2018-02-23 09:08:34,11095273,1
870421,284629,2018-02-23 09:08:44,11095273,1
870421,99826,2018-02-23 09:13:11,11095273,1
870421,76780,2018-02-23 09:17:22,11095273,1
870421,292126,2018-02-23 09:19:21,11095273,1
1112156,36969,2018-03-08 03:27:26,6155029,1
1112156,284327,2018-03-08 03:30:49,6155029,1
1112156,326644,2018-03-08 03:37:06,6155029,1
1112156,4360,2018-03-08 03:19:13,6155029,1
1112156,23731,2018-03-08 03:32:00,6155029,1
1112156,56680,2018-03-08 03:38:46,6155029,1
1112156,352307,2018-03-08 03:21:02,6155029,1
1112156,141861,2018-03-08 03:32:56,6155029,1
1112156,25523,2018-03-08 03:16:43,6155029,1
1112156,367441,2018-03-08 03:17:39,6155029,1
1112156,87853,2018-03-08 03:29:53,6155029,1
1112156,141479,2018-03-08 03:16:01,6155029,1
1112156,337833,2018-03-08 03:23:20,6155029,1
1112156,76638,2018-03-08 03:22:08,6155029,1
1112156,279678,2018-03-08 18:51:23,750041,1
786467,199151,2018-03-23 22:52:32,199837,1
1222696,28225,2018-02-04 21:17:53,6757432,1
1222696,307674,2018-02-04 21:17:43,6757432,1